CongNum,icpsr,StateCode,District,StateNm,PartyCode,ICPSRocc,Name,212,653,112,548,439,460,498,720,639,359,141,623,363,201,112,631,539,616,399,345,253,279,224,115,255,168,185,22,195,506,160,196,208,508,244,245,244,120,61,137,126,721,55,502,388,404,74,231,722,78
116,21376,41,1,ALABAMA,200,,BYRNE,9,9,1,6,6,1,1,9,6,6,1,6,1,6,1,6,6,1,1,6,6,6,1,6,6,6,1,6,6,6,6,6,1,6,6,6,6,1,6,1,6,9,1,1,1,1,1,1,9,6
116,21192,41,2,ALABAMA,200,,ROBY,1,6,1,6,6,1,9,6,6,6,1,1,6,1,1,6,6,1,1,6,1,1,1,6,1,6,1,6,6,6,6,6,9,6,6,6,6,1,6,1,6,6,1,1,6,6,1,1,1,6
116,20301,41,3,ALABAMA,200,,ROGERS,1,6,9,6,6,1,1,6,6,6,1,6,1,6,9,6,6,1,1,1,6,1,1,9,6,6,1,6,6,6,6,6,1,6,6,6,6,1,6,1,6,6,1,1,1,1,1,1,1,6
116,29701,41,4,ALABAMA,200,,ADERHOLT,1,6,1,6,6,1,1,9,6,6,1,6,6,6,1,6,6,1,1,6,1,1,1,6,1,6,1,6,6,6,6,6,1,6,6,6,6,1,6,1,6,6,1,1,6,6,1,1,1,6
116,21193,41,5,ALABAMA,200,,BROOKS,1,6,1,6,6,1,1,6,6,6,1,6,1,6,1,6,6,1,1,6,6,6,1,6,6,9,6,6,6,6,6,6,1,6,6,6,6,1,6,1,6,6,1,1,1,1,6,6,1,6
116,21500,41,6,ALABAMA,200,,PALMER,1,6,1,6,6,1,1,6,6,6,1,6,1,6,1,6,6,1,1,6,1,6,1,6,6,6,1,6,6,6,6,6,1,6,6,6,6,1,6,1,6,6,1,1,1,6,1,6,1,6
116,21102,41,7,ALABAMA,100,,SEWELL,6,1,6,1,1,1,1,1,1,1,1,1,6,1,6,1,1,1,6,1,1,1,1,1,1,1,1,1,1,1,1,1,1,1,1,1,1,1,1,1,1,1,1,6,6,6,1,1,1,1
116,14066,81,1,ALASKA,200,,YOUNG,1,6,1,6,6,1,1,1,6,6,1,6,6,6,1,6,6,1,1,6,1,1,1,6,1,6,1,6,6,1,6,6,1,6,6,6,6,9,6,1,6,1,1,1,6,6,1,1,1,6
116,21739,61,1,ARIZONA,100,,O'HALLERAN,6,1,9,1,1,1,1,1,1,1,1,1,6,1,9,1,1,1,6,1,1,1,1,1,1,6,1,1,1,1,1,1,1,1,1,1,1,1,1,1,1,1,1,6,6,6,1,1,1,1
116,20902,61,2,ARIZONA,100,,KIRKPATRICK,6,1,6,1,1,1,1,9,1,1,1,1,6,1,6,1,1,1,6,1,1,1,1,1,1,6,1,1,1,1,1,1,1,1,1,1,1,1,1,1,1,9,1,6,9,6,1,1,9,1
116,20305,61,3,ARIZONA,100,,GRIJALVA,6,1,6,1,1,6,1,1,1,1,1,1,6,1,6,1,1,1,6,1,1,1,1,1,1,1,9,1,1,1,1,1,1,1,1,1,1,1,1,9,1,1,1,6,6,6,1,1,1,1
116,21103,61,4,ARIZONA,200,,GOSAR,1,9,1,6,6,1,1,6,6,6,1,6,1,6,1,6,6,6,1,6,6,6,1,6,6,6,6,6,6,6,6,6,1,6,6,6,6,1,6,1,6,6,1,1,1,1,6,6,1,6
116,21705,61,5,ARIZONA,200,,BIGGS,1,6,1,6,6,1,1,6,6,6,1,6,1,6,1,6,6,1,1,6,6,6,6,6,6,6,6,6,6,6,6,6,1,6,6,6,6,1,6,1,6,6,1,1,1,9,6,6,1,6
116,21105,61,6,ARIZONA,200,,SCHWEIKERT,1,6,1,6,6,1,1,6,6,1,1,6,1,6,1,6,6,1,1,1,1,1,1,6,1,1,1,6,6,6,6,6,1,6,6,6,6,1,6,1,6,6,1,1,1,1,1,6,1,6
116,21502,61,7,ARIZONA,100,,GALLEGO,6,1,6,1,1,1,1,1,1,1,1,9,6,1,6,1,1,9,6,1,1,1,1,1,1,6,1,1,1,1,1,1,1,1,1,1,1,1,1,1,1,9,1,6,6,6,1,1,1,1
116,21757,61,8,ARIZONA,200,,LESKO,1,6,1,6,6,1,1,9,6,6,1,6,1,6,1,6,6,1,1,6,1,1,1,6,1,6,1,6,6,6,6,6,1,6,6,6,6,1,6,1,6,9,1,1,1,1,1,6,1,6
116,21968,61,9,ARIZONA,100,,STANTON,6,1,6,1,1,1,1,1,1,1,1,1,6,1,6,1,1,1,6,1,1,1,1,1,1,1,1,1,1,1,1,1,1,1,1,1,1,1,1,1,1,1,1,6,6,6,1,1,1,1
116,21106,42,1,ARKANSA,200,,CRAWFORD,1,6,1,9,6,1,1,9,6,6,1,6,1,6,1,6,9,1,1,1,1,1,1,9,1,6,1,6,6,6,6,6,1,6,6,6,6,1,6,1,6,9,1,1,1,1,1,1,1,6
116,21503,42,2,ARKANSA,200,,HILL,1,6,1,6,6,1,1,6,6,6,1,6,1,6,1,6,6,1,1,1,1,6,1,6,1,6,1,6,6,6,6,6,1,6,6,6,6,1,6,1,6,6,1,1,6,1,1,1,1,6
116,21108,42,3,ARKANSA,200,,WOMACK,1,6,1,6,6,1,1,6,6,6,1,6,1,6,1,6,6,1,1,1,1,1,1,6,1,6,1,6,6,6,6,6,1,6,6,6,6,1,6,1,6,6,1,1,6,6,1,1,1,6
116,21563,42,4,ARKANSA,200,,WESTERMAN,1,6,1,6,6,1,1,6,6,6,1,6,1,6,1,6,6,1,1,6,1,6,1,6,6,6,1,6,6,6,6,6,1,6,6,6,6,1,6,1,6,6,1,1,1,1,1,1,1,6
116,21302,71,1,CALIFOR,200,,LAMALFA,1,6,1,6,6,1,1,6,6,6,1,6,1,1,1,6,6,1,1,1,1,1,6,6,1,6,1,6,6,6,6,6,1,6,6,6,6,1,6,1,6,6,1,1,1,1,9,1,9,6
116,21303,71,2,CALIFOR,100,,HUFFMAN,6,1,6,1,1,1,1,1,9,1,1,6,1,1,6,1,9,1,6,1,1,1,1,1,1,1,1,1,1,1,1,1,1,1,1,1,1,1,1,1,1,1,1,6,6,6,9,1,1,1
116,20958,71,3,CALIFOR,100,,GARAMENDI,6,1,6,1,1,6,1,1,1,1,1,1,6,1,6,1,1,1,6,1,1,1,1,1,1,1,1,1,1,1,1,1,1,1,1,1,1,1,1,1,1,1,1,6,6,6,1,1,1,1
116,20903,71,4,CALIFOR,200,,MCCLINTOCK,1,6,1,6,6,1,1,9,6,6,1,6,1,6,1,6,6,1,1,6,6,1,6,6,6,1,1,6,6,6,6,6,1,9,6,6,6,1,6,1,6,9,1,1,9,1,1,6,1,6
116,29901,71,5,CALIFOR,100,,THOMPSON,6,1,6,1,1,1,1,1,1,1,1,1,6,1,6,1,1,1,6,1,1,1,1,1,1,6,1,1,1,1,1,1,1,1,1,1,1,1,1,1,1,1,1,6,6,6,1,1,1,1
116,20538,71,6,CALIFOR,100,,MATSUI,6,1,6,1,1,1,1,1,1,1,1,1,6,1,6,1,1,1,6,1,1,1,1,1,1,1,1,1,1,1,1,1,1,1,1,1,1,1,1,1,1,1,1,6,6,6,1,9,1,1
116,21304,71,7,CALIFOR,100,,BERA,6,1,6,1,1,1,1,1,1,1,1,1,6,1,6,1,1,1,6,1,1,1,1,1,1,6,1,1,1,1,1,1,1,1,1,1,1,1,1,1,1,1,1,6,6,6,1,1,1,1
116,21305,71,8,CALIFOR,200,,COOK,1,6,1,6,6,1,1,1,6,6,1,6,1,6,1,6,6,1,1,1,1,1,1,6,1,6,1,6,6,6,6,6,1,6,6,6,6,9,1,1,6,9,1,1,6,1,1,1,1,6
116,20702,71,9,CALIFOR,100,,MCNERNEY,6,1,6,1,9,1,9,1,1,1,1,1,6,1,6,1,1,1,6,1,1,1,1,1,1,1,1,1,1,1,1,1,1,1,1,1,1,1,1,1,1,1,1,6,6,6,1,1,1,1
116,21930,71,10,CALIFOR,100,,HARDER,6,1,6,1,1,1,1,1,1,1,1,1,6,1,6,1,1,1,6,1,1,1,1,1,1,6,1,1,1,1,1,1,1,6,1,1,1,1,1,1,1,1,1,6,6,6,1,1,1,1
116,21504,71,11,CALIFOR,100,,DESAULNIER,6,1,6,1,1,1,1,1,1,1,1,1,6,1,6,1,1,1,6,1,1,1,1,1,1,1,1,1,1,1,1,1,1,1,1,1,1,1,1,1,1,1,1,6,6,6,1,1,1,1
116,15448,71,12,CALIFOR,100,,PELOSI,0,1,0,0,0,0,0,0,0,0,1,0,0,0,0,0,0,0,0,0,0,0,0,0,0,0,0,0,0,0,0,0,0,0,0,0,0,0,0,0,1,0,0,0,0,0,0,0,1,0
116,29778,71,13,CALIFOR,100,,LEE,6,1,6,1,1,6,1,1,1,1,1,1,6,1,6,1,1,1,9,1,1,1,1,1,1,1,9,1,1,1,1,1,1,1,1,1,1,1,1,1,1,1,1,6,6,6,1,1,1,1
116,20762,71,14,CALIFOR,100,,SPEIER,6,1,6,1,1,1,1,1,1,1,1,1,6,1,6,1,1,1,6,1,1,1,1,1,1,1,1,1,1,1,1,1,1,1,1,1,1,1,1,1,9,1,1,6,6,6,1,9,1,1
116,21306,71,15,CALIFOR,100,,SWALWELL,9,1,6,1,1,1,1,1,1,1,1,1,6,9,6,1,1,1,9,1,9,9,9,1,9,6,9,1,9,1,9,9,9,1,1,1,1,1,1,9,1,1,1,6,9,9,1,9,1,1
116,20501,71,16,CALIFOR,100,,COSTA,6,1,6,1,1,1,1,1,1,1,1,1,1,1,6,1,1,1,6,1,1,1,1,1,1,6,9,1,1,1,1,1,1,1,1,1,1,1,1,1,1,1,1,6,6,6,1,1,1,1
116,21728,71,17,CALIFOR,100,,KHANNA,6,1,6,1,1,1,9,1,1,1,1,1,6,1,6,1,1,1,6,1,1,1,1,1,1,1,1,1,1,1,1,1,1,1,1,1,1,1,1,1,1,1,1,6,6,6,1,1,1,1
116,29312,71,18,CALIFOR,100,,ESHOO,6,1,6,1,1,1,1,1,1,1,1,1,6,9,6,1,1,1,6,1,1,1,1,1,1,1,1,1,1,1,1,9,1,1,1,1,1,1,1,1,1,1,1,6,6,6,1,1,1,1
116,29504,71,19,CALIFOR,100,,LOFGREN,6,1,6,1,1,1,1,1,1,1,1,9,6,1,6,1,1,9,6,1,1,1,1,1,1,1,1,1,1,1,1,1,1,1,1,1,1,1,1,1,1,1,1,6,6,6,1,1,1,1
116,21740,71,20,CALIFOR,100,,PANETTA,6,1,6,1,1,1,1,1,1,1,1,1,6,1,6,1,1,1,6,1,1,1,1,1,1,1,1,1,1,1,1,1,1,1,1,1,1,1,1,1,1,1,1,6,6,6,1,1,1,1
116,21909,71,21,CALIFOR,100,,COX,6,1,6,1,1,1,1,1,1,6,1,1,1,1,6,1,1,1,6,1,1,1,1,1,1,9,1,1,1,1,1,1,1,1,1,1,1,1,1,1,1,1,1,6,6,6,1,1,9,1
116,20307,71,22,CALIFOR,200,,NUNES,1,6,1,6,6,1,1,6,6,6,1,6,1,6,1,6,6,1,1,1,1,1,1,6,1,6,1,6,9,6,6,6,1,6,6,6,6,1,6,1,6,6,1,1,1,1,1,1,1,6
116,20703,71,23,CALIFOR,200,,MCCARTHY,1,6,1,6,6,1,1,6,6,6,1,6,1,6,1,6,6,1,1,1,1,1,1,6,1,1,1,6,6,6,6,6,1,6,6,6,6,1,6,1,6,6,1,1,6,6,1,1,1,6
116,21709,71,24,CALIFOR,100,,CARBAJAL,6,1,6,1,1,1,1,1,1,1,1,1,6,1,6,1,1,1,6,1,1,1,1,1,1,1,1,1,1,1,1,1,1,1,1,1,1,1,1,1,1,1,1,6,6,6,1,1,1,1
116,21932,71,25,CALIFOR,100,,HILL,6,0,6,1,1,1,1,0,0,1,1,0,6,1,6,0,1,0,6,1,1,1,1,1,1,1,1,1,1,1,1,1,1,1,1,1,1,1,1,1,1,0,1,6,6,6,1,1,0,1
116,21308,71,26,CALIFOR,100,,BROWNLEY,6,1,6,1,1,1,1,1,1,1,1,1,6,1,6,1,1,1,6,1,1,1,1,1,1,6,1,1,1,1,1,1,1,1,1,1,1,1,1,1,1,1,1,6,6,6,1,1,1,1
116,20955,71,27,CALIFOR,100,,CHU,6,1,6,1,1,1,1,1,1,1,1,1,6,1,6,1,1,1,6,1,1,1,1,1,1,1,1,1,1,1,1,1,1,1,1,1,1,1,1,1,1,1,1,6,6,6,1,1,1,1
116,20104,71,28,CALIFOR,100,,SCHIFF,6,1,6,1,1,1,1,1,1,1,1,1,6,1,6,1,1,1,6,1,1,1,1,1,1,1,1,1,1,1,1,1,1,1,1,1,1,1,1,1,1,1,1,6,6,6,1,1,1,1
116,21309,71,29,CALIFOR,100,,CÁRDENAS,6,1,6,1,1,1,1,1,1,1,1,1,6,9,6,1,1,1,6,1,1,1,1,1,1,1,1,1,9,1,1,9,1,1,1,1,1,1,1,1,1,1,1,6,6,6,9,9,1,1
116,29707,71,30,CALIFOR,100,,SHERMAN,6,1,6,1,1,1,1,1,1,1,1,1,6,1,6,1,1,1,6,1,1,1,1,1,1,1,1,1,1,1,1,1,1,1,1,1,1,1,1,1,1,1,1,6,6,6,1,9,1,1
116,21506,71,31,CALIFOR,100,,AGUILAR,6,1,6,1,1,1,1,1,9,1,1,1,6,1,6,1,1,1,6,1,1,1,1,1,1,1,1,1,1,1,1,1,1,1,1,1,1,1,1,1,1,1,1,6,6,6,1,1,1,1
116,29903,71,32,CALIFOR,100,,NAPOLITANO,6,1,6,1,1,1,1,1,1,1,1,1,6,1,6,1,1,1,6,1,1,1,1,1,1,1,1,1,1,1,1,1,1,1,1,1,1,1,1,1,1,1,1,6,6,6,1,1,1,1
116,21507,71,33,CALIFOR,100,,LIEU,6,1,6,1,1,1,1,1,1,1,1,1,6,1,6,1,1,1,6,1,1,1,1,1,1,1,1,1,1,1,1,1,1,1,1,1,1,1,1,1,1,1,1,6,6,6,1,1,1,1
116,21754,71,34,CALIFOR,100,,GOMEZ,6,1,6,1,1,1,1,1,1,1,1,1,6,1,6,1,1,1,6,1,1,1,1,1,1,1,1,1,1,1,1,1,1,1,1,1,1,1,1,1,1,1,1,6,6,6,1,1,1,1
116,21508,71,35,CALIFOR,100,,TORRES,6,1,6,1,1,1,1,1,1,1,1,1,6,1,6,1,1,1,6,1,1,1,1,1,1,9,1,1,1,1,1,1,1,1,1,1,1,1,1,1,1,1,1,6,6,6,1,1,1,1
116,21311,71,36,CALIFOR,100,,RUIZ,6,1,6,1,1,1,1,1,1,1,1,1,6,1,6,1,1,1,6,1,1,1,1,1,1,1,1,1,1,1,1,1,1,1,1,1,1,1,1,1,1,1,1,6,6,6,1,1,1,1
116,21110,71,37,CALIFOR,100,,BASS,6,9,6,1,1,1,1,1,1,1,1,1,6,9,6,1,1,1,6,1,1,1,1,1,1,1,1,1,9,9,1,9,1,1,1,1,1,9,1,1,1,1,1,6,6,9,1,1,1,1
116,20310,71,38,CALIFOR,100,,SÁNCHEZ,6,1,6,1,1,1,1,1,1,1,1,1,6,1,6,1,1,1,6,1,1,1,1,1,1,1,1,1,1,1,9,1,1,1,1,1,1,1,1,1,1,1,1,6,6,6,1,1,9,1
116,21907,71,39,CALIFOR,100,,CISNEROS,6,1,6,1,1,1,1,1,1,1,1,1,6,1,6,1,1,1,6,1,1,1,1,1,1,6,1,1,1,1,1,1,1,1,1,1,1,1,1,1,1,1,1,6,6,6,1,1,1,1
116,29317,71,40,CALIFOR,100,,ROYBAL-ALLA,6,1,6,1,1,1,1,1,1,1,1,1,6,1,6,1,1,1,6,1,1,1,1,1,1,1,1,1,1,1,1,1,1,1,1,1,1,1,1,1,1,1,1,6,6,6,1,1,1,1
116,21312,71,41,CALIFOR,100,,TAKANO,6,1,6,1,1,1,1,1,1,1,1,1,6,1,6,1,1,1,6,1,1,1,1,1,1,1,1,1,1,1,1,1,1,1,1,1,1,1,1,1,1,1,1,6,6,9,1,1,1,1
116,29323,71,42,CALIFOR,200,,CALVERT,1,6,1,6,6,1,1,6,6,6,1,6,6,6,1,6,6,1,1,1,1,1,1,6,1,6,1,6,6,6,6,6,1,6,6,6,6,1,6,1,6,6,1,1,6,6,1,1,1,6
116,29106,71,43,CALIFOR,100,,WATERS,6,1,6,1,1,1,1,1,1,1,1,1,6,1,6,1,1,1,6,1,1,1,1,1,1,6,1,1,1,1,1,1,1,1,1,1,1,1,1,1,1,1,1,6,6,6,1,1,1,1
116,21703,71,44,CALIFOR,100,,BARRAGÁN,6,1,6,1,1,1,1,1,1,1,1,1,6,1,6,1,1,1,6,1,1,1,1,1,1,1,1,1,1,1,1,1,1,1,1,1,1,1,1,1,1,1,1,6,6,6,1,1,1,1
116,21954,71,45,CALIFOR,100,,PORTER,6,9,6,1,1,1,1,1,1,1,1,1,1,1,6,9,1,1,6,1,1,1,1,1,1,6,1,1,1,1,1,1,1,1,1,1,1,1,1,1,1,1,1,6,6,6,1,1,1,1
116,21711,71,46,CALIFOR,100,,CORREA,6,1,6,1,1,1,1,1,1,1,9,1,6,1,6,1,1,1,6,1,1,1,1,1,1,6,1,1,1,1,1,1,1,9,1,1,1,1,1,9,1,1,1,6,6,6,1,1,1,1
116,21313,71,47,CALIFOR,100,,LOWENTHAL,6,1,6,1,1,1,1,1,1,1,1,1,1,1,6,1,1,1,6,1,1,1,1,1,1,1,1,1,1,1,1,1,1,1,1,1,1,1,1,1,1,1,1,6,6,6,1,1,1,1
116,21960,71,48,CALIFOR,100,,ROUDA,6,1,6,1,1,1,1,1,1,1,1,1,6,1,6,1,1,1,6,1,1,1,1,1,1,6,1,1,1,1,1,1,1,1,1,1,1,1,1,1,1,1,1,6,6,6,1,1,1,1
116,21939,71,49,CALIFOR,100,,LEVIN,6,1,6,1,1,1,1,1,1,1,1,1,6,1,6,1,1,1,6,1,1,1,1,1,1,1,1,1,1,1,1,1,1,1,1,1,1,1,1,1,1,1,1,6,6,6,1,1,1,1
116,20963,71,50,CALIFOR,200,,HUNTER,1,9,1,6,6,1,1,0,6,6,1,1,1,6,1,6,6,1,1,1,1,6,1,6,1,1,1,6,6,6,6,6,1,6,6,6,6,1,6,1,6,0,1,1,1,1,1,6,0,6
116,21314,71,51,CALIFOR,100,,VARGAS,6,1,6,1,1,1,1,1,1,1,1,1,6,1,6,1,1,1,6,1,1,1,1,1,1,1,1,1,1,1,1,1,1,1,1,1,1,1,1,1,1,1,1,6,6,6,1,1,1,1
116,21315,71,52,CALIFOR,100,,PETERS,6,1,6,1,1,1,1,1,1,1,1,1,6,1,6,1,1,1,6,1,1,1,1,1,1,6,1,1,1,1,1,1,1,1,1,1,1,1,1,1,1,1,1,6,6,6,1,1,1,1
116,20108,71,53,CALIFOR,100,,DAVIS,6,1,6,1,1,1,1,1,1,1,1,1,6,1,6,1,1,1,6,1,1,1,1,1,1,1,1,1,1,1,1,1,1,1,9,9,9,1,1,1,1,1,1,6,6,6,1,1,1,1
116,29710,62,1,COLORAD,100,,DEGETTE,6,1,6,1,1,1,1,1,1,1,1,1,6,1,6,1,1,1,6,1,1,1,1,1,1,1,1,1,1,1,1,1,1,1,1,1,1,1,1,1,1,1,1,6,6,6,1,1,1,1
116,21948,62,2,COLORAD,100,,NEGUSE,6,1,6,1,1,1,1,1,1,1,1,1,6,1,6,1,1,1,6,1,1,1,1,1,1,1,1,1,1,1,1,1,1,1,1,1,1,1,1,1,1,1,1,6,6,6,1,1,1,1
116,21111,62,3,COLORAD,200,,TIPTON,1,6,1,6,6,1,1,6,6,6,1,6,1,6,1,6,6,1,1,1,1,1,1,6,1,1,1,6,6,6,6,1,1,6,6,6,6,1,6,1,6,6,1,1,6,1,1,1,1,6
116,21510,62,4,COLORAD,200,,BUCK,1,6,1,6,6,1,1,6,6,6,1,6,1,6,1,6,9,1,1,6,9,9,1,1,9,6,6,6,6,6,6,1,1,6,9,9,9,1,6,1,6,6,1,1,1,1,1,6,1,6
116,20704,62,5,COLORAD,200,,LAMBORN,1,6,1,6,6,1,1,6,6,6,1,6,1,6,1,6,6,1,1,6,6,6,1,6,6,6,1,6,6,6,6,6,1,6,6,6,6,1,6,1,6,6,1,1,1,1,1,6,1,6
116,21912,62,6,COLORAD,100,,CROW,6,1,6,1,1,1,1,1,1,1,1,1,6,1,6,1,1,1,6,1,1,1,1,1,1,6,1,1,1,1,1,1,1,1,1,1,1,1,1,1,1,1,1,6,6,6,1,1,1,1
116,20705,62,7,COLORAD,100,,PERLMUTTER,6,1,6,1,9,9,1,1,1,1,1,1,6,1,6,1,1,1,6,1,1,1,1,1,1,1,1,1,1,1,1,1,1,1,1,1,1,1,1,1,1,1,1,6,6,6,1,1,1,1
116,29908,1,1,CONNECT,100,,LARSON,6,9,6,1,1,1,1,1,1,1,1,1,6,1,6,1,1,1,6,1,1,1,1,1,1,1,1,1,1,1,1,1,1,1,1,1,1,1,1,1,1,1,1,6,6,6,1,1,1,1
116,20706,1,2,CONNECT,100,,COURTNEY,6,1,6,1,1,1,1,1,1,1,1,1,6,1,6,1,1,1,6,1,1,1,1,1,1,1,1,1,1,1,1,1,1,1,1,1,1,1,1,1,1,1,1,6,6,6,1,1,1,1
116,29109,1,3,CONNECT,100,,DELAURO,6,1,6,1,1,1,1,1,1,1,1,1,6,1,6,1,1,1,6,1,1,1,1,1,1,1,1,1,1,1,1,1,1,1,1,1,1,1,1,1,1,1,1,6,6,6,1,1,1,1
116,20907,1,4,CONNECT,100,,HIMES,6,1,6,9,1,1,1,1,1,1,1,1,6,1,6,1,1,1,6,1,1,1,1,1,1,6,1,1,1,1,1,1,1,1,1,1,1,1,1,1,1,1,1,6,6,6,1,1,1,1
116,21931,1,5,CONNECT,100,,HAYES,6,1,6,1,1,1,1,1,1,1,1,1,6,1,6,1,1,1,6,1,1,1,1,1,1,1,1,1,1,1,1,1,1,1,1,1,1,1,1,1,1,1,1,6,6,6,1,1,1,1
116,21706,11,1,DELAWAR,100,,BLUNT ROCHE,6,1,6,1,1,1,1,1,1,1,1,1,6,1,6,1,1,1,6,1,1,1,1,1,1,1,1,1,1,1,1,1,1,1,1,1,1,1,1,1,1,1,1,6,6,6,1,1,1,1
116,21719,43,1,FLORIDA,200,,GAETZ,1,6,1,6,6,1,1,6,6,6,1,6,1,6,1,6,1,1,1,9,6,1,6,6,6,6,6,6,6,6,6,6,1,6,6,6,6,1,6,1,6,6,6,1,1,1,9,1,1,6
116,21714,43,2,FLORIDA,200,,DUNN,1,6,1,6,6,1,1,6,6,6,1,6,1,1,1,6,6,1,1,6,6,1,1,9,6,9,1,6,6,6,6,6,1,6,6,6,6,1,6,1,6,6,1,1,1,1,1,1,1,6
116,21317,43,3,FLORIDA,200,,YOHO,1,6,1,6,6,1,1,6,6,6,1,6,1,6,1,6,6,1,1,9,6,6,1,6,6,9,1,6,6,6,6,6,1,6,6,6,6,1,6,9,6,6,1,1,1,1,1,1,1,6
116,21744,43,4,FLORIDA,200,,RUTHERFORD,1,6,1,6,6,1,1,6,6,6,9,6,6,6,1,6,6,1,1,6,1,1,1,6,1,1,1,6,6,6,6,6,9,6,6,6,6,1,6,9,6,6,1,1,6,6,9,1,1,6
116,21732,43,5,FLORIDA,100,,LAWSON,6,1,6,1,1,1,1,1,1,1,1,1,6,1,6,1,1,1,6,1,1,1,1,1,1,1,1,1,1,1,1,1,1,1,1,1,1,1,1,9,1,1,1,6,6,6,9,1,1,1
116,21981,43,6,FLORIDA,200,,WALTZ,1,6,1,6,6,1,1,6,6,1,1,6,1,6,1,6,6,1,1,9,1,1,1,6,1,1,1,6,6,6,6,6,1,6,6,6,6,1,6,1,6,6,1,1,1,1,1,1,1,6
116,21738,43,7,FLORIDA,100,,MURPHY,6,1,6,1,1,1,1,1,1,1,1,1,6,1,6,1,1,1,6,1,1,1,1,1,1,1,1,1,1,1,1,1,1,1,1,1,1,1,1,1,1,1,1,6,6,6,1,1,1,1
116,20909,43,8,FLORIDA,200,,POSEY,1,6,1,6,6,1,1,1,6,6,1,6,6,6,1,6,6,1,1,6,6,1,1,6,6,1,1,6,6,6,6,6,1,6,6,6,6,1,6,9,6,6,1,1,1,1,1,1,1,6
116,21746,43,9,FLORIDA,100,,SOTO,6,1,6,1,1,1,1,1,1,1,1,1,6,1,6,1,1,1,6,1,1,1,1,1,1,1,1,1,1,1,1,1,1,1,1,1,1,1,1,1,1,1,1,6,6,6,1,1,1,1
116,21713,43,10,FLORIDA,100,,DEMINGS,6,1,6,1,1,1,1,1,1,1,1,1,6,1,6,1,1,1,6,1,1,1,1,1,1,1,1,1,1,1,1,1,1,1,1,1,1,1,1,1,1,1,1,6,6,6,1,1,1,1
116,21116,43,11,FLORIDA,200,,WEBSTER,1,6,1,6,6,1,1,6,6,6,1,6,6,6,1,6,6,1,1,6,6,1,1,6,6,1,1,6,6,6,6,6,1,6,6,6,6,1,6,1,6,6,1,1,6,6,1,1,9,6
116,20758,43,12,FLORIDA,200,,BILIRAKIS,1,6,1,6,6,1,1,1,6,6,1,6,6,1,1,6,6,1,1,1,1,1,1,6,1,1,1,6,6,6,6,6,1,6,6,6,6,1,6,1,6,6,1,1,1,1,1,1,9,6
116,21712,43,13,FLORIDA,100,,CRIST,6,1,6,1,1,1,1,1,1,1,1,1,6,1,6,1,1,1,6,1,1,1,1,1,1,1,1,1,1,1,1,1,1,1,1,1,1,1,1,1,1,1,1,6,6,6,1,1,1,1
116,20708,43,14,FLORIDA,100,,CASTOR,6,1,6,1,1,1,1,1,1,1,1,1,6,1,6,1,1,1,6,1,1,1,1,1,1,1,1,1,1,1,1,1,1,1,1,1,1,1,1,1,1,1,1,6,6,6,1,1,1,1
116,21967,43,15,FLORIDA,200,,SPANO,1,6,1,6,6,1,1,6,6,6,1,6,1,1,1,6,6,1,1,1,1,1,1,6,1,6,1,6,6,6,6,6,1,6,6,6,6,1,6,1,6,9,1,1,1,1,1,1,1,6
116,20709,43,16,FLORIDA,200,,BUCHANAN,1,6,6,6,6,1,1,1,6,6,1,6,1,6,6,6,6,1,1,1,1,1,1,6,1,6,1,6,6,6,6,1,1,6,6,6,6,1,6,9,6,6,1,1,6,6,1,1,1,6
116,21971,43,17,FLORIDA,200,,STEUBE,1,6,1,6,6,1,1,6,6,6,1,6,1,6,1,6,6,1,1,6,1,1,1,6,6,6,1,6,6,6,6,6,1,6,6,6,6,1,6,1,6,6,1,1,1,1,9,6,1,6
116,21735,43,18,FLORIDA,200,,MAST,1,6,1,6,6,1,1,1,6,1,1,6,1,6,1,6,6,1,1,6,1,1,1,6,1,6,1,9,6,6,6,6,1,6,6,6,6,1,6,9,6,6,1,1,6,6,1,1,1,6
116,21742,43,19,FLORIDA,200,,ROONEY,1,6,1,9,6,1,1,6,6,1,9,6,6,9,1,6,6,1,9,6,1,6,1,6,6,9,9,6,9,6,9,9,1,6,6,6,6,1,6,9,1,6,1,1,6,9,1,6,9,6
116,29337,43,20,FLORIDA,100,,HASTINGS,6,1,6,1,1,1,1,1,1,9,1,1,9,1,6,1,1,1,6,9,9,9,1,1,9,9,1,1,1,1,1,1,1,1,9,9,9,1,1,1,1,1,1,6,9,6,1,9,1,1
116,21321,43,21,FLORIDA,100,,FRANKEL,6,1,6,1,1,1,1,1,1,1,1,1,6,1,6,1,1,1,6,1,1,1,1,1,1,1,1,9,1,1,1,1,1,1,1,1,1,1,1,1,1,1,1,6,6,6,1,1,1,1
116,20959,43,22,FLORIDA,100,,DEUTCH,6,1,6,1,1,1,1,1,1,1,1,1,6,1,6,1,1,1,6,1,1,1,1,1,1,9,1,1,1,1,1,1,1,1,1,1,1,1,1,1,1,1,1,6,6,6,1,1,1,1
116,20504,43,23,FLORIDA,100,,WASSERMAN S,6,1,6,1,1,1,1,1,1,1,1,1,6,1,6,1,1,1,9,1,1,1,1,1,1,1,1,1,1,1,1,1,1,1,1,1,1,1,1,1,1,1,1,6,6,6,1,1,1,1
116,21118,43,24,FLORIDA,100,,WILSON,6,1,6,1,1,1,9,1,1,1,1,1,6,1,6,1,1,1,6,1,1,1,1,1,1,1,1,1,1,1,1,1,1,1,1,1,1,1,9,1,1,1,9,6,6,6,9,9,1,1
116,20316,43,25,FLORIDA,200,,DIAZ-BALART,1,6,1,6,6,1,1,1,6,6,1,6,6,1,1,6,6,1,6,6,1,1,1,6,1,1,1,6,6,6,6,1,1,6,6,6,6,1,6,1,6,6,1,1,6,6,1,1,1,6
116,21947,43,26,FLORIDA,100,,MUCARSEL-PO,6,1,6,1,1,1,1,1,1,1,1,1,6,1,6,1,1,1,6,1,1,1,1,1,1,6,1,1,1,1,1,1,1,1,1,1,1,1,1,1,1,1,1,6,6,6,1,1,1,1
116,21963,43,27,FLORIDA,100,,SHALALA,6,1,6,1,1,1,1,1,1,1,1,1,6,1,6,1,1,1,6,1,1,1,1,1,1,1,1,1,1,1,1,1,1,1,1,1,1,1,1,1,1,1,1,6,6,6,1,1,1,1
116,21513,44,1,GEORGIA,200,,CARTER,1,6,1,6,6,1,1,6,6,6,1,6,1,1,1,6,6,1,1,6,1,6,1,6,1,6,1,6,6,6,6,6,1,6,6,6,6,1,6,1,6,6,1,1,1,1,1,1,1,6
116,29339,44,2,GEORGIA,100,,BISHOP,6,1,6,1,1,1,1,1,9,1,1,1,6,1,6,9,1,1,9,1,1,1,1,1,1,1,1,1,1,1,1,1,1,1,1,1,1,1,1,1,1,1,1,6,6,6,1,1,1,1
116,21717,44,3,GEORGIA,200,,FERGUSON,1,6,1,6,6,1,1,6,6,6,9,6,1,6,1,6,6,1,1,6,6,6,6,6,1,6,1,6,6,6,6,6,9,6,6,6,6,1,6,1,6,6,1,1,1,1,1,1,1,6
116,20712,44,4,GEORGIA,100,,JOHNSON,6,1,6,1,1,1,1,1,1,1,1,1,6,1,6,1,1,1,6,1,1,1,1,9,1,1,1,1,1,1,1,1,1,1,1,1,1,1,1,1,1,1,1,6,6,6,1,1,1,1
116,15431,44,5,GEORGIA,100,,LEWIS,6,1,6,1,1,1,1,9,9,1,1,1,6,1,6,9,1,1,6,1,1,1,1,1,1,1,1,1,1,1,1,1,1,1,1,1,1,1,1,1,1,9,1,6,6,6,1,1,9,1
116,21944,44,6,GEORGIA,100,,MCBATH,6,1,6,1,1,1,1,1,1,1,1,1,6,1,6,1,1,1,6,1,1,1,1,1,1,1,1,1,1,1,1,1,1,1,1,1,1,1,1,1,1,1,1,6,6,6,1,1,1,1
116,21122,44,7,GEORGIA,200,,WOODALL,1,6,1,6,6,1,1,6,6,6,1,6,1,6,1,6,6,1,1,6,1,1,1,6,1,6,1,6,6,6,6,6,1,6,6,6,6,1,6,1,6,6,1,1,1,1,1,1,1,6
116,21123,44,8,GEORGIA,200,,SCOTT,1,6,1,6,6,1,1,6,6,6,1,6,1,1,1,6,6,1,1,6,1,1,1,6,1,6,1,6,6,6,6,1,1,6,6,6,6,1,6,1,6,6,1,1,1,1,1,1,1,6
116,21323,44,9,GEORGIA,200,,COLLINS,9,6,1,6,6,1,1,6,6,6,1,6,1,6,1,6,6,1,1,6,1,1,1,6,1,1,1,6,6,6,6,6,1,6,6,6,6,1,6,9,6,6,1,1,1,1,1,1,9,6
116,21514,44,10,GEORGIA,200,,HICE,1,6,1,6,6,1,1,6,6,6,1,6,1,6,1,6,6,1,1,6,6,6,1,6,6,6,1,6,6,6,6,6,1,6,6,6,6,1,6,1,6,6,1,1,1,9,1,1,1,6
116,21515,44,11,GEORGIA,200,,LOUDERMILK,1,6,1,6,6,1,1,9,6,6,1,6,1,6,1,6,6,1,1,1,1,6,1,6,6,6,1,6,6,6,6,6,1,6,6,6,6,1,6,1,6,9,1,1,1,1,1,1,1,6
116,21516,44,12,GEORGIA,200,,ALLEN,1,6,1,6,6,1,1,6,6,6,1,6,1,1,1,6,6,1,1,6,1,6,1,6,1,6,1,6,6,6,6,6,1,6,6,6,6,1,6,1,6,6,1,1,1,1,1,1,1,6
116,20321,44,13,GEORGIA,100,,SCOTT,6,1,6,1,1,1,1,1,1,1,1,1,6,1,6,1,1,1,6,1,1,1,1,1,1,1,1,9,1,1,1,1,1,1,1,1,1,1,1,1,1,1,1,6,6,6,1,1,1,1
116,20962,44,14,GEORGIA,200,,GRAVES,1,6,1,6,6,1,1,6,6,6,1,6,1,6,1,6,6,1,1,6,6,6,1,6,6,6,1,6,6,6,6,6,1,6,6,6,6,1,6,1,6,6,1,1,1,1,1,1,1,6
116,20322,82,1,HAWAII,100,,CASE,6,1,6,1,1,1,1,1,1,1,1,1,6,1,6,1,1,1,6,1,1,1,1,1,1,1,1,1,1,1,1,1,1,1,1,1,1,1,1,1,1,1,1,6,6,6,1,1,1,1
116,21324,82,2,HAWAII,100,,GABBARD,6,9,6,1,9,9,1,9,9,1,9,9,6,9,6,9,1,9,9,1,1,1,1,1,1,1,1,1,9,1,9,9,1,1,1,1,1,9,1,9,1,9,1,6,6,9,1,1,9,1
116,21920,63,1,IDAHO,200,,FULCHER,1,6,1,6,6,1,1,6,6,6,1,6,1,6,1,6,6,1,1,1,6,1,1,6,6,6,1,6,6,6,6,6,1,6,6,6,6,1,6,1,6,6,1,1,1,1,1,6,1,6
116,29910,63,2,IDAHO,200,,SIMPSON,1,6,1,6,6,1,1,9,6,6,1,6,6,6,1,6,6,1,1,1,1,1,1,6,1,1,1,6,6,6,6,6,1,6,6,6,6,1,6,1,6,6,1,1,6,6,1,1,9,6
116,29346,21,1,ILLINOI,100,,RUSH,6,1,6,1,1,1,1,1,1,1,9,1,6,1,6,1,1,1,6,1,1,1,1,1,1,9,1,1,9,1,1,1,1,1,1,1,1,1,1,9,1,1,1,6,6,6,1,1,1,1
116,21371,21,2,ILLINOI,100,,KELLY,6,1,6,1,1,1,1,1,1,1,1,1,6,1,6,1,1,1,6,1,1,1,1,1,1,6,1,1,1,1,1,1,1,1,1,1,1,1,1,1,1,1,1,6,6,6,1,1,1,1
116,20508,21,3,ILLINOI,100,,LIPINSKI,6,1,6,1,6,1,1,1,1,1,1,1,7,1,6,1,1,1,9,1,1,1,1,1,1,1,1,1,1,1,1,1,1,1,1,1,1,1,1,1,1,1,1,6,6,6,1,1,9,1
116,21921,21,4,ILLINOI,100,,GARCÍA,6,1,6,1,1,1,1,1,1,1,1,1,6,1,6,1,1,1,6,1,1,1,1,1,1,1,1,1,1,1,1,1,1,1,1,1,1,1,1,1,1,1,1,6,6,6,1,1,1,1
116,20954,21,5,ILLINOI,100,,QUIGLEY,6,1,6,1,1,1,1,1,1,1,1,1,6,1,6,1,1,1,6,1,1,1,1,1,1,1,1,1,1,1,1,1,1,1,1,1,1,1,1,1,1,1,1,6,6,6,1,1,1,9
116,21906,21,6,ILLINOI,100,,CASTEN,6,1,6,1,1,1,1,1,1,1,1,1,6,1,6,1,1,1,6,1,1,1,1,1,1,1,1,1,1,1,1,1,1,1,1,1,1,9,1,1,1,1,1,6,6,6,1,1,1,1
116,29717,21,7,ILLINOI,100,,DAVIS,6,1,6,1,1,1,1,1,1,1,1,1,6,1,6,1,9,1,6,1,1,1,1,1,1,1,1,1,1,1,1,1,1,1,1,1,1,1,1,9,1,1,1,6,6,6,1,1,1,1
116,21730,21,8,ILLINOI,100,,KRISHNAMOOR,6,1,6,1,1,1,1,1,1,1,1,1,6,1,6,1,1,1,6,1,1,1,1,1,1,6,1,1,1,1,1,1,1,1,1,1,1,1,1,1,1,1,1,6,6,6,1,1,1,1
116,29911,21,9,ILLINOI,100,,SCHAKOWSKY,6,1,6,1,1,1,1,1,1,1,1,1,6,1,6,1,1,1,6,1,1,1,1,1,1,1,1,1,1,1,1,1,1,1,1,1,1,1,1,1,1,1,1,6,6,6,1,1,1,1
116,21326,21,10,ILLINOI,100,,SCHNEIDER,6,1,6,1,1,1,1,1,1,1,1,1,6,1,6,1,1,1,6,1,1,1,1,1,1,1,1,1,1,1,1,1,1,1,1,1,1,1,1,1,1,1,1,6,6,6,1,9,1,1
116,20749,21,11,ILLINOI,100,,FOSTER,6,1,6,1,1,1,1,1,1,1,1,1,6,1,6,1,1,1,6,1,1,1,1,1,1,1,1,1,1,1,1,1,1,1,1,1,1,1,1,1,1,1,1,6,6,6,9,1,1,1
116,21519,21,12,ILLINOI,200,,BOST,1,6,1,6,6,1,1,1,1,6,1,6,1,1,1,6,6,1,1,1,9,9,1,1,9,6,1,6,6,6,6,6,1,6,9,9,9,1,9,1,6,6,1,1,6,6,1,1,1,6
116,21328,21,13,ILLINOI,200,,DAVIS,1,6,1,6,6,1,1,1,1,6,1,6,1,9,1,6,6,1,1,1,9,1,1,6,1,6,1,1,6,6,6,9,1,6,6,6,6,1,9,1,6,1,1,1,6,6,1,1,1,6
116,21979,21,14,ILLINOI,100,,UNDERWOOD,6,1,6,1,1,1,1,1,1,1,1,1,6,1,6,1,1,9,6,1,1,1,1,1,1,1,1,1,1,1,1,1,1,1,1,1,1,1,1,1,1,1,1,6,6,6,1,1,1,1
116,29718,21,15,ILLINOI,200,,SHIMKUS,1,9,1,6,6,1,1,6,6,6,1,6,1,6,1,6,9,1,1,1,1,1,1,6,1,6,1,6,6,6,6,6,1,6,6,6,6,1,9,9,6,6,1,1,1,1,1,1,1,6
116,21128,21,16,ILLINOI,200,,KINZINGER,1,9,1,6,6,1,1,1,6,6,1,1,1,1,1,6,6,1,1,1,1,1,9,6,1,1,1,1,6,6,6,6,1,6,6,6,6,1,1,1,6,6,1,1,6,6,1,1,9,9
116,21329,21,17,ILLINOI,100,,BUSTOS,6,1,6,1,1,1,1,1,1,1,1,1,6,1,6,1,1,1,6,1,1,1,1,1,1,1,1,1,1,1,1,1,1,1,1,1,1,1,1,1,1,1,1,6,6,6,1,1,1,1
116,21562,21,18,ILLINOI,200,,LAHOOD,1,6,1,6,6,1,1,6,6,6,1,6,1,6,1,6,6,1,1,6,1,1,1,6,1,6,1,6,6,6,6,6,1,6,6,6,6,1,9,1,6,6,1,1,1,1,1,6,1,6
116,15124,22,1,INDIANA,100,,VISCLOSKY,6,1,6,1,1,1,1,1,1,1,1,1,6,1,6,1,1,1,6,1,1,1,1,1,1,1,1,1,1,1,1,1,1,1,1,1,1,1,1,1,1,1,1,6,6,6,1,1,1,1
116,21330,22,2,INDIANA,200,,WALORSKI,1,6,1,6,6,1,1,6,6,6,1,6,6,6,1,6,6,1,1,1,1,1,1,6,1,6,1,6,6,6,6,6,1,6,6,6,6,1,6,1,6,6,1,1,1,1,1,1,1,6
116,21702,22,3,INDIANA,200,,BANKS,1,6,1,6,6,1,1,6,6,6,1,6,1,6,1,6,6,1,1,1,1,1,1,6,6,6,1,6,6,6,6,6,1,6,6,6,6,1,6,1,6,6,1,1,1,1,1,6,1,6
116,21903,22,4,INDIANA,200,,BAIRD,1,6,1,6,6,1,1,6,6,6,1,6,6,6,1,6,6,1,1,1,1,1,1,6,1,6,1,6,6,6,6,6,1,6,6,6,6,1,6,1,6,6,1,1,6,6,1,1,1,6
116,21331,22,5,INDIANA,200,,BROOKS,1,6,1,6,6,1,1,1,6,6,1,6,1,6,1,6,6,1,6,1,1,1,1,6,1,6,1,6,6,6,6,6,9,6,6,6,6,1,6,1,6,6,1,1,1,1,1,1,1,6
116,21952,22,6,INDIANA,200,,PENCE,1,6,1,6,6,1,1,6,6,6,1,6,1,6,1,6,6,1,1,1,1,1,1,6,1,6,1,6,6,6,6,6,9,6,6,6,6,1,6,1,6,6,1,1,6,6,1,1,1,6
116,20757,22,7,INDIANA,100,,CARSON,6,1,6,1,1,1,9,1,1,1,1,1,6,1,6,1,1,1,6,1,1,1,1,1,1,1,1,1,1,1,1,1,1,1,1,1,1,1,1,1,1,1,1,6,6,6,1,1,1,1
116,21132,22,8,INDIANA,200,,BUCSHON,9,6,1,6,6,1,1,6,6,6,1,6,6,6,1,6,6,1,1,6,1,1,1,6,1,1,1,9,6,6,6,6,1,6,6,6,6,1,6,1,6,6,1,1,1,1,1,1,1,6
116,21725,22,9,INDIANA,200,,HOLLINGSWOR,1,6,1,6,6,1,1,1,1,6,1,6,1,6,1,6,6,1,1,1,1,1,1,6,1,1,1,6,6,6,6,6,1,6,6,6,6,1,6,1,6,6,1,1,6,6,1,6,1,6
116,21918,31,1,IOWA,100,,FINKENAUER,6,1,6,1,1,1,1,1,1,1,1,1,6,1,6,1,1,1,6,1,1,1,1,1,1,6,1,1,1,1,1,1,1,1,1,1,1,1,1,1,1,1,1,6,6,6,1,1,1,1
116,20720,31,2,IOWA,100,,LOEBSACK,6,1,6,1,1,1,1,1,1,1,1,1,6,1,6,1,1,1,9,1,1,1,1,1,1,1,1,1,1,1,1,1,1,1,1,1,1,1,1,9,1,1,1,6,6,6,1,1,1,1
116,21902,31,3,IOWA,100,,AXNE,6,1,6,1,1,1,1,1,1,1,1,1,6,1,6,1,1,1,6,1,1,1,1,1,1,6,1,1,1,1,1,1,1,1,9,9,9,1,1,1,1,1,1,6,6,6,1,1,1,1
116,20325,31,4,IOWA,200,,KING,1,6,1,6,6,1,1,6,6,6,1,6,1,1,1,6,6,1,1,6,1,1,6,6,1,1,6,6,6,6,6,6,1,6,9,9,9,1,6,1,6,6,1,1,1,1,1,1,1,6
116,21734,32,1,KANSAS,200,,MARSHALL,1,6,1,6,6,1,1,6,6,6,1,9,1,9,1,6,6,9,1,6,6,1,1,6,6,6,1,6,6,6,6,9,1,6,6,6,6,1,6,1,6,6,1,1,6,1,1,1,1,6
116,21982,32,2,KANSAS,200,,WATKINS,1,6,1,6,6,1,1,6,6,6,1,6,1,6,1,6,6,1,1,1,1,1,1,6,1,1,1,6,6,6,6,6,1,6,6,6,6,9,6,1,6,6,1,1,1,1,9,1,1,6
116,21914,32,3,KANSAS,100,,DAVIDS,6,1,6,1,1,1,1,1,1,1,1,1,6,1,6,1,1,1,6,1,1,1,1,1,1,6,1,1,1,1,1,1,1,1,1,1,1,1,1,1,1,1,1,6,6,6,1,1,1,1
116,21750,32,4,KANSAS,200,,ESTES,1,6,1,6,6,1,1,6,6,6,1,6,1,6,1,6,6,1,1,1,6,1,1,6,1,6,1,6,6,6,6,6,1,6,6,6,6,1,6,1,6,6,1,1,1,1,1,6,1,6
116,21565,51,1,KENTUCK,200,,COMER,1,6,1,6,6,1,1,6,6,6,1,6,1,6,1,6,6,1,1,6,6,6,1,6,6,6,6,6,6,6,6,6,1,6,6,6,6,1,9,1,6,6,1,1,1,1,1,6,1,6
116,20916,51,2,KENTUCK,200,,GUTHRIE,1,6,1,6,6,1,1,6,6,6,1,6,1,6,1,6,6,1,1,1,1,1,1,6,1,6,1,6,6,6,6,6,1,6,6,6,6,1,6,1,6,6,1,1,1,1,1,1,1,6
116,20723,51,3,KENTUCK,100,,YARMUTH,6,1,6,1,1,1,1,1,1,1,1,1,6,1,6,1,1,1,6,1,1,1,1,1,1,1,9,1,1,1,1,1,1,1,1,1,1,1,1,1,1,1,1,6,6,6,1,1,1,1
116,31102,51,4,KENTUCK,200,,MASSIE,9,6,1,6,6,1,1,6,6,6,6,6,1,6,1,6,6,1,1,6,1,1,1,6,6,1,6,6,6,6,6,6,1,6,6,6,6,6,6,6,1,6,6,1,1,1,1,6,6,6
116,14854,51,5,KENTUCK,200,,ROGERS,1,6,1,6,6,1,1,6,6,6,1,6,6,6,1,6,6,1,1,6,1,1,1,6,1,6,1,6,6,6,6,6,1,6,6,6,6,9,6,1,6,6,1,1,6,6,1,1,1,6
116,21333,51,6,KENTUCK,200,,BARR,1,9,1,6,6,1,1,6,6,6,1,6,1,6,1,6,6,1,1,6,1,1,1,6,1,6,1,6,6,6,6,6,1,6,6,6,6,1,6,1,6,6,1,1,1,1,1,6,1,6
116,20759,45,1,LOUISIA,200,,SCALISE,1,6,1,6,6,1,1,6,6,6,1,6,1,6,1,6,6,1,1,6,1,1,1,6,6,6,1,6,6,6,6,6,1,6,6,6,6,1,6,1,6,6,1,1,1,1,1,1,1,6
116,21137,45,2,LOUISIA,100,,RICHMOND,6,1,6,1,1,1,9,1,9,1,1,1,1,9,6,9,1,1,6,1,1,1,1,1,1,1,1,1,9,1,1,9,1,1,1,1,1,1,1,1,1,1,1,6,6,6,1,1,1,1
116,21724,45,3,LOUISIA,200,,HIGGINS,1,6,1,9,9,9,1,6,6,6,1,6,1,6,1,6,6,1,1,6,1,1,1,6,6,1,1,6,6,6,6,6,9,6,6,6,6,1,6,1,6,6,1,1,1,1,1,6,9,6
116,21727,45,4,LOUISIA,200,,JOHNSON,9,6,1,9,6,1,1,6,6,6,1,6,1,6,1,6,6,1,1,1,1,1,1,6,1,6,1,6,6,6,6,6,9,6,6,6,6,1,6,1,6,6,1,1,1,1,9,6,1,6
116,21522,45,5,LOUISIA,200,,ABRAHAM,9,6,1,9,6,1,9,6,6,6,9,6,1,9,1,6,9,1,9,9,1,1,1,6,6,9,9,6,9,6,9,9,9,6,6,6,6,9,6,9,6,6,1,1,1,9,1,9,1,6
116,21523,45,6,LOUISIA,200,,GRAVES,1,6,1,6,6,1,1,6,1,6,1,6,1,6,1,6,6,1,1,1,1,1,1,6,1,1,1,6,6,6,6,6,1,6,6,6,6,1,6,1,6,6,1,1,1,6,1,1,1,6
116,20920,2,1,MAINE,100,,PINGREE,6,1,6,1,1,1,1,1,1,1,1,1,6,1,6,1,1,1,6,1,1,1,1,1,1,1,1,1,1,1,1,1,1,1,1,1,1,1,1,1,1,1,1,6,6,6,1,1,1,9
116,21923,2,2,MAINE,100,,GOLDEN,6,1,6,1,1,1,1,1,1,1,1,1,6,1,6,1,1,1,6,1,1,1,1,1,1,6,1,1,1,1,1,1,1,1,1,1,1,1,1,1,1,1,1,6,6,6,1,1,1,1
116,21139,52,1,MARYLAN,200,,HARRIS,1,6,1,6,6,1,1,6,6,6,6,6,1,6,1,6,6,1,9,6,6,6,6,6,6,1,6,6,6,9,6,6,1,6,6,6,6,1,6,1,6,6,1,1,1,1,1,6,1,6
116,20329,52,2,MARYLAN,100,,RUPPERSBERG,6,1,6,1,1,1,1,1,1,1,1,1,6,1,6,1,1,1,6,1,1,1,1,1,1,9,1,1,1,1,1,1,1,1,1,1,1,1,1,1,1,1,1,6,6,6,1,1,1,1
116,20724,52,3,MARYLAN,100,,SARBANES,6,1,6,1,1,1,1,1,1,1,1,1,6,1,6,1,1,1,6,1,1,1,1,1,1,1,1,1,1,1,1,9,1,1,1,1,1,1,1,1,1,1,1,6,6,6,1,1,1,1
116,21707,52,4,MARYLAN,100,,BROWN,6,1,6,1,1,1,1,1,1,1,1,1,6,1,6,1,1,1,6,1,1,1,1,1,1,1,1,1,1,1,1,1,1,1,1,1,1,1,1,1,1,1,1,6,6,6,1,1,1,1
116,14873,52,5,MARYLAN,100,,HOYER,6,1,6,1,1,1,1,1,1,1,1,1,6,1,6,1,1,1,6,1,9,1,1,1,9,1,1,1,1,1,1,1,1,1,1,1,1,1,1,1,1,1,1,6,6,6,1,1,1,1
116,21978,52,6,MARYLAN,100,,TRONE,6,1,6,1,1,1,1,1,1,1,1,1,6,1,6,1,1,1,6,1,1,1,1,1,1,1,1,1,1,1,1,1,1,1,1,1,1,1,1,9,1,1,9,6,6,6,1,1,1,1
116,29587,52,7,MARYLAN,100,,CUMMINGS,6,0,6,9,1,1,1,0,0,1,1,0,6,9,6,0,9,0,6,1,1,1,1,1,1,1,1,1,9,1,1,9,9,1,1,1,1,1,1,1,1,0,1,6,6,6,1,1,0,1
116,21741,52,8,MARYLAN,100,,RASKIN,6,1,6,1,1,1,1,1,1,1,1,1,6,1,6,1,1,1,6,1,1,1,1,1,1,1,1,1,1,1,1,1,1,1,1,1,1,1,1,1,1,1,1,6,6,6,1,1,1,1
116,15616,3,1,MASSACH,100,,NEAL,6,1,6,1,1,1,1,1,1,1,1,1,6,1,6,1,1,1,6,1,1,1,1,1,1,1,1,1,1,1,1,1,1,1,1,1,1,1,1,1,1,1,1,6,6,6,1,1,1,1
116,29729,3,2,MASSACH,100,,MCGOVERN,6,1,6,1,1,1,1,1,1,1,1,1,6,1,6,1,1,1,6,1,1,1,1,1,1,1,1,1,1,1,1,1,1,1,1,1,1,1,1,1,1,1,1,6,6,6,1,1,1,1
116,21977,3,3,MASSACH,100,,TRAHAN,6,1,6,1,1,1,1,1,1,1,1,1,6,1,6,1,1,1,6,1,1,1,1,1,1,1,1,1,1,1,1,1,1,1,1,1,1,1,1,1,1,1,1,6,6,6,1,1,1,1
116,21335,3,4,MASSACH,100,,KENNEDY,6,1,6,1,1,1,1,1,1,1,1,1,6,1,6,1,1,1,6,1,1,1,1,1,1,1,1,1,1,1,1,1,1,1,1,1,1,1,1,1,1,1,1,6,6,6,9,1,9,1
116,21375,3,5,MASSACH,100,,CLARK,6,1,6,1,1,1,1,1,1,1,1,1,6,1,6,1,1,1,6,1,1,1,1,1,1,1,1,1,1,1,1,1,1,1,1,1,1,1,1,1,1,1,1,6,6,6,1,1,1,1
116,21525,3,6,MASSACH,100,,MOULTON,9,1,6,1,1,1,9,1,9,1,1,1,6,1,6,1,1,1,9,9,1,1,1,1,1,1,1,1,1,1,1,1,1,1,1,1,1,1,1,1,1,1,1,9,6,9,1,1,1,1
116,21955,3,7,MASSACH,100,,PRESSLEY,6,1,6,1,1,1,1,1,1,1,1,6,6,1,6,1,1,1,6,1,1,1,1,1,1,1,1,1,1,1,1,1,1,1,1,1,1,1,1,6,1,1,1,6,6,6,1,1,1,1
116,20119,3,8,MASSACH,100,,LYNCH,6,1,6,1,1,1,1,1,1,1,1,1,6,1,6,1,1,1,6,1,1,1,1,1,1,1,1,1,1,1,1,1,1,1,1,1,1,1,1,1,1,1,1,6,6,6,1,1,1,1
116,21140,3,9,MASSACH,100,,KEATING,6,1,6,1,1,6,1,1,1,9,1,1,6,9,6,1,1,1,6,1,1,1,1,1,1,1,1,1,1,1,1,9,1,1,1,1,1,1,1,1,1,1,1,6,6,6,1,1,1,1
116,21704,23,1,MICHIGA,200,,BERGMAN,1,6,1,6,6,1,1,6,6,6,1,6,1,9,1,6,9,1,1,6,1,1,1,6,1,1,1,6,6,6,6,9,1,6,6,6,6,1,6,1,6,6,1,1,1,1,1,6,1,6
116,21142,23,2,MICHIGA,200,,HUIZENGA,1,6,1,6,6,1,1,6,6,6,1,6,1,9,1,6,6,1,1,6,6,1,1,6,1,6,1,6,6,6,6,6,1,6,6,6,6,1,6,1,6,6,1,1,1,1,1,6,1,6
116,21143,23,3,MICHIGA,200,,AMASH,1,0,1,0,0,0,0,0,0,6,1,0,6,6,1,0,0,0,1,6,6,6,6,6,6,6,6,6,6,0,6,6,1,0,6,6,6,1,6,6,1,0,6,0,1,1,6,6,0,6
116,91143,23,3,MICHIGA,328,,AMASH,0,6,0,1,6,6,6,6,6,0,0,6,0,0,0,6,6,6,0,0,0,0,0,0,0,0,0,0,0,6,0,0,0,6,0,0,0,0,0,0,0,6,0,6,0,0,0,0,6,0
116,21526,23,4,MICHIGA,200,,MOOLENAAR,1,6,1,6,6,1,1,6,6,6,1,6,1,6,1,6,6,1,1,1,1,1,1,6,1,6,1,6,6,6,6,6,1,6,6,6,6,1,6,1,6,6,1,1,1,1,1,1,1,6
116,21372,23,5,MICHIGA,100,,KILDEE,6,1,6,1,1,1,1,1,1,1,1,1,6,1,6,1,1,1,6,1,1,1,1,1,1,1,1,1,1,1,1,1,1,1,1,1,1,1,1,1,1,1,1,6,6,6,1,1,1,1
116,15446,23,6,MICHIGA,200,,UPTON,1,6,1,6,6,1,1,1,1,6,1,1,6,1,1,6,6,1,6,1,1,1,1,1,1,6,1,1,6,6,6,6,1,6,6,6,6,1,6,1,1,6,1,1,6,6,1,1,1,6
116,20725,23,7,MICHIGA,200,,WALBERG,1,6,1,6,6,1,1,6,6,6,1,6,6,6,1,6,6,1,1,6,1,1,1,6,1,6,1,6,6,6,6,6,1,6,6,6,6,1,6,1,6,6,1,1,6,1,1,1,1,6
116,21965,23,8,MICHIGA,100,,SLOTKIN,6,1,6,1,1,1,1,1,1,1,1,1,6,1,6,1,1,1,6,1,1,1,1,1,1,6,1,1,1,1,1,1,1,1,1,1,1,1,1,1,1,1,1,6,6,6,1,1,1,1
116,21940,23,9,MICHIGA,100,,LEVIN,6,1,6,1,1,1,1,1,1,1,1,1,6,1,6,1,1,1,6,1,1,1,1,1,1,1,1,1,1,1,1,1,1,1,1,1,1,1,1,1,1,1,1,6,6,6,1,1,1,1
116,21737,23,10,MICHIGA,200,,MITCHELL,1,6,1,6,6,1,1,6,6,6,1,6,1,6,1,6,6,1,1,1,1,1,1,6,1,6,1,6,6,6,6,6,1,6,6,6,6,1,6,1,6,6,1,1,6,1,1,1,1,6
116,21972,23,11,MICHIGA,100,,STEVENS,6,1,6,1,1,1,1,1,1,1,1,1,6,1,6,1,1,1,6,1,1,1,1,1,1,6,1,1,1,1,1,1,1,1,1,1,1,1,1,1,1,1,1,6,6,6,1,1,1,1
116,21529,23,12,MICHIGA,100,,DINGELL,6,1,6,1,1,1,1,1,1,1,1,1,6,1,6,1,1,1,6,1,1,1,1,1,1,1,1,1,1,1,1,1,1,1,1,1,1,9,1,1,1,1,1,6,6,6,9,1,1,9
116,21975,23,13,MICHIGA,100,,TLAIB,6,1,6,1,1,1,1,1,1,1,1,6,6,1,6,1,1,1,6,1,1,1,1,1,1,1,1,1,1,1,1,1,1,1,1,1,1,1,1,6,1,1,1,6,6,6,1,1,1,1
116,21530,23,14,MICHIGA,100,,LAWRENCE,6,1,6,1,1,9,1,1,1,1,1,1,6,1,6,1,1,1,6,1,1,1,1,1,1,1,1,1,1,1,1,1,1,1,1,1,1,1,1,1,1,1,1,6,6,6,1,1,1,1
116,21929,33,1,MINNESO,200,,HAGEDORN,1,6,1,6,6,1,1,6,6,6,1,6,1,6,1,6,9,1,1,6,1,1,1,6,1,6,1,6,6,6,6,6,1,6,6,6,6,1,6,1,6,6,1,1,6,6,1,1,1,6
116,21910,33,2,MINNESO,100,,CRAIG,6,1,6,1,1,1,1,1,1,1,1,1,6,1,6,1,1,1,6,6,1,1,1,1,1,6,1,1,1,1,1,1,1,1,1,1,1,1,1,1,1,1,1,6,6,6,1,1,1,1
116,21953,33,3,MINNESO,100,,PHILLIPS,6,1,6,1,1,1,1,1,1,1,1,1,6,1,6,1,1,1,6,1,1,1,1,1,1,1,1,1,1,1,6,1,1,1,1,1,1,1,1,1,1,1,1,6,6,6,1,1,1,1
116,20122,33,4,MINNESO,100,,MCCOLLUM,6,1,6,1,1,1,1,1,1,1,1,1,6,1,6,1,1,1,6,1,1,1,1,1,1,1,1,1,1,1,1,1,1,1,1,1,1,1,1,1,1,1,1,6,6,6,1,1,1,1
116,21950,33,5,MINNESO,100,,OMAR,6,1,9,1,1,1,1,1,1,1,1,9,6,1,9,1,1,9,6,1,1,1,1,1,1,1,9,1,1,1,1,1,1,1,1,1,1,1,1,6,1,1,1,6,6,6,1,9,1,1
116,21531,33,6,MINNESO,200,,EMMER,1,9,1,6,6,1,1,6,6,6,1,6,1,9,1,6,6,1,1,6,1,1,1,6,1,6,1,6,9,6,6,9,1,6,6,6,6,1,6,1,6,6,1,1,9,1,1,6,1,6
116,29127,33,7,MINNESO,100,,PETERSON,6,1,6,1,6,1,1,1,1,6,1,1,1,1,6,1,6,1,6,1,1,1,1,1,1,6,1,1,1,1,1,1,1,1,1,1,1,1,1,1,1,1,1,6,6,6,1,1,1,1
116,21969,33,8,MINNESO,200,,STAUBER,1,6,1,6,6,1,1,1,1,6,1,6,1,6,1,6,6,1,1,1,1,1,1,1,1,1,1,6,6,6,6,1,1,6,6,6,6,1,1,1,6,6,1,6,6,6,1,1,1,6
116,21561,46,1,MISSISS,200,,KELLY,1,6,1,6,6,1,1,6,6,6,1,6,1,6,1,6,6,1,1,6,1,6,1,6,1,6,1,6,6,6,6,6,1,6,6,6,6,1,6,1,6,6,1,1,1,1,1,1,9,6
116,29368,46,2,MISSISS,100,,THOMPSON,6,1,6,1,1,1,1,1,1,1,1,1,6,1,6,1,9,1,6,1,1,1,1,1,1,1,1,1,1,1,1,1,1,1,1,1,1,1,1,1,1,1,1,6,6,6,1,1,9,1
116,21927,46,3,MISSISS,200,,GUEST,1,6,1,6,6,1,1,6,6,6,1,6,1,6,1,6,6,1,1,6,1,1,1,6,6,6,1,6,6,6,6,6,1,6,6,6,6,1,6,1,6,6,1,1,1,1,1,9,1,6
116,21148,46,4,MISSISS,200,,PALAZZO,1,6,1,6,6,1,1,6,6,6,1,6,1,6,1,6,6,1,9,6,1,6,1,6,1,6,1,6,6,6,6,6,1,6,6,6,6,1,6,1,6,6,1,1,1,1,1,1,1,6
116,20147,34,1,MISSOUR,100,,CLAY,6,1,9,1,1,1,1,9,1,1,1,1,6,1,9,1,1,1,6,1,1,1,1,9,1,1,1,1,1,1,1,1,1,1,9,9,9,1,1,1,1,9,1,6,6,6,1,1,1,1
116,21337,34,2,MISSOUR,200,,WAGNER,1,6,1,6,6,1,1,1,6,6,1,1,1,6,1,6,6,1,1,1,1,1,1,6,1,1,1,6,6,6,6,6,1,6,6,6,6,1,6,1,6,6,1,1,1,1,1,1,1,9
116,20926,34,3,MISSOUR,200,,LUETKEMEYER,1,6,1,6,6,1,1,6,6,6,1,1,1,6,1,6,6,1,1,1,1,1,1,6,1,6,1,6,6,6,6,6,1,6,6,6,6,1,6,1,6,6,1,1,6,6,1,1,1,6
116,21149,34,4,MISSOUR,200,,HARTZLER,1,6,1,6,6,1,1,6,1,6,1,6,9,9,1,6,6,1,1,6,1,1,1,6,1,6,1,6,6,6,6,9,1,6,6,6,6,1,6,1,6,6,1,6,1,6,1,1,1,6
116,20517,34,5,MISSOUR,100,,CLEAVER,6,1,6,1,1,1,1,1,1,1,1,1,6,1,6,1,1,1,6,1,1,1,1,1,1,1,1,1,1,1,1,1,9,1,1,1,1,1,1,9,1,1,1,6,6,6,1,1,1,1
116,20124,34,6,MISSOUR,200,,GRAVES,1,6,1,6,6,9,9,6,6,6,1,1,1,1,1,6,6,1,1,1,1,6,1,6,1,6,1,6,6,6,6,6,1,6,6,6,6,1,6,1,6,6,1,1,1,6,1,1,1,6
116,21150,34,7,MISSOUR,200,,LONG,1,6,1,6,6,1,1,6,6,6,1,1,1,6,1,6,6,1,1,1,1,1,1,6,6,1,1,6,6,6,6,6,1,6,9,9,9,1,6,1,6,6,1,1,1,1,1,1,1,6
116,21373,34,8,MISSOUR,200,,SMITH,1,6,1,6,6,1,1,6,6,6,1,6,1,6,1,6,6,1,1,1,1,6,1,6,1,6,1,6,6,6,6,6,1,6,6,6,6,1,6,1,6,6,1,1,1,1,1,1,1,6
116,21751,64,1,MONTANA,200,,GIANFORTE,1,6,1,6,6,1,9,6,6,6,1,6,1,6,1,6,6,1,1,1,9,9,1,6,9,6,1,6,6,6,6,6,1,6,6,6,6,9,6,1,6,6,1,1,6,6,1,6,1,6
116,20518,35,1,NEBRASK,200,,FORTENBERRY,1,6,1,6,6,1,1,1,1,6,1,6,1,1,1,6,6,1,1,6,1,1,1,6,1,9,1,6,6,6,6,1,1,6,6,6,6,1,6,1,6,6,1,6,6,6,1,1,1,6
116,21701,35,2,NEBRASK,200,,BACON,1,6,1,6,6,1,1,1,1,6,1,6,6,1,1,6,6,1,1,6,1,1,1,6,1,1,1,6,6,6,6,6,1,6,6,6,6,1,6,1,6,6,1,1,1,1,1,1,1,6
116,20729,35,3,NEBRASK,200,,SMITH,1,6,1,6,6,1,1,6,6,6,1,6,1,1,1,6,6,1,1,6,1,6,1,6,1,6,1,6,6,9,6,6,1,6,6,6,6,1,6,1,6,6,1,1,1,1,1,1,1,6
116,20927,65,1,NEVADA,100,,TITUS,6,1,6,1,1,1,1,1,1,1,1,1,6,1,6,1,1,1,6,1,1,1,1,1,1,9,1,1,1,1,1,1,1,1,1,1,1,1,1,1,1,1,1,6,6,6,1,1,1,1
116,21196,65,2,NEVADA,200,,AMODEI,1,6,1,6,6,1,1,6,6,6,9,6,6,6,1,6,6,1,1,1,1,1,1,6,1,1,1,6,6,6,9,6,1,6,6,6,6,1,6,1,6,6,1,1,1,6,1,1,1,6
116,21938,65,3,NEVADA,100,,LEE,6,1,6,1,1,1,1,1,1,1,1,1,6,1,6,1,1,1,6,1,1,1,1,1,1,1,1,1,1,1,1,1,1,1,1,1,1,1,1,1,1,1,1,6,6,6,1,1,1,1
116,21339,65,4,NEVADA,100,,HORSFORD,6,1,6,1,1,1,1,1,1,1,1,1,6,1,6,1,1,1,6,1,1,1,1,1,1,6,1,1,1,1,1,1,1,1,1,1,1,1,1,1,1,1,1,6,6,6,1,1,1,1
116,21951,4,1,NEW HAM,100,,PAPPAS,6,1,6,1,1,1,1,1,1,1,1,1,6,1,6,1,1,1,6,1,1,1,1,1,1,6,1,1,1,1,1,1,1,1,1,1,1,1,1,1,1,1,1,6,6,6,1,1,1,1
116,21340,4,2,NEW HAM,100,,KUSTER,6,1,6,1,1,1,1,1,1,1,1,1,6,1,6,1,1,1,6,1,1,1,1,1,1,1,1,1,1,1,1,1,1,1,9,9,9,1,1,1,1,1,1,6,6,6,1,1,1,1
116,21536,12,1,NEW JER,100,,NORCROSS,6,1,6,1,1,1,1,1,1,1,1,1,6,1,6,1,1,1,6,1,1,1,1,1,1,1,1,1,1,1,1,1,1,1,1,1,1,1,1,1,1,1,1,6,6,6,1,1,1,1
116,21980,12,2,NEW JER,100,,VAN DREW,6,1,6,1,1,1,1,0,1,1,1,1,6,9,6,1,1,1,6,1,1,1,1,9,1,6,1,1,1,1,1,9,1,1,1,1,1,1,1,1,1,0,1,6,6,6,1,1,0,1
116,91980,12,2,NEW JER,200,,VAN DREW,0,0,0,0,0,0,0,1,0,0,0,0,0,0,0,0,0,0,0,0,0,0,0,0,0,0,0,0,0,0,0,0,0,0,0,0,0,0,0,0,0,1,0,0,0,0,0,0,1,0
116,21937,12,3,NEW JER,100,,KIM,6,1,6,1,1,1,1,1,1,1,1,1,6,1,6,1,1,1,6,1,1,1,1,1,1,1,1,1,1,1,1,1,1,1,1,1,1,1,1,1,1,1,1,6,6,6,1,1,1,1
116,14863,12,4,NEW JER,200,,SMITH,1,6,1,6,6,1,1,1,1,6,1,6,6,1,1,6,1,1,1,1,1,1,1,6,1,1,1,1,1,6,6,1,1,6,6,6,6,1,1,1,6,1,1,6,6,6,1,1,1,6
116,21723,12,5,NEW JER,100,,GOTTHEIMER,6,1,6,1,1,1,1,1,1,1,1,1,6,1,6,1,1,1,6,1,1,1,1,1,1,6,1,1,1,1,1,1,1,1,9,9,9,1,1,1,1,1,1,6,6,6,1,1,1,1
116,15454,12,6,NEW JER,100,,PALLONE,6,1,6,1,1,1,1,1,1,1,1,1,6,1,6,1,1,1,6,1,1,1,1,1,1,1,1,1,1,1,1,1,1,1,1,1,1,1,1,1,1,1,1,6,6,6,1,1,1,1
116,21942,12,7,NEW JER,100,,MALINOWSKI,6,1,6,1,1,1,1,1,1,1,1,1,6,1,6,1,1,1,6,1,1,1,1,1,1,1,1,1,1,1,1,1,1,1,1,1,1,1,1,1,1,1,1,6,6,6,1,1,1,1
116,20542,12,8,NEW JER,100,,SIRES,6,1,6,1,1,1,1,1,1,1,1,1,6,1,6,1,1,1,6,1,1,1,1,1,1,9,1,1,1,1,1,1,1,1,1,1,1,1,1,9,1,1,1,6,6,6,1,1,9,1
116,29741,12,9,NEW JER,100,,PASCRELL,6,1,6,1,1,1,1,1,1,1,1,1,6,1,6,1,1,1,6,1,1,1,1,1,1,1,1,1,1,1,1,1,1,1,1,1,1,1,1,1,1,9,1,6,6,6,1,1,1,1
116,31103,12,10,NEW JER,100,,PAYNE,6,1,6,1,1,1,1,1,1,1,1,1,6,1,6,1,1,1,6,1,1,1,9,1,1,1,1,1,1,1,1,1,1,1,1,1,1,1,9,1,1,1,9,6,6,6,1,1,1,1
116,21964,12,11,NEW JER,100,,SHERRILL,6,1,6,1,1,1,1,1,1,1,1,1,6,1,6,1,1,1,6,1,1,1,1,1,1,6,1,1,1,1,1,1,1,1,1,1,1,1,1,1,1,1,1,6,6,6,1,1,1,1
116,21538,12,12,NEW JER,100,,WATSON COLE,6,1,6,1,1,1,1,1,1,1,1,1,6,1,6,1,1,1,6,1,1,1,1,1,1,6,1,1,1,1,1,1,1,1,1,1,1,1,1,1,1,1,1,6,6,6,9,1,1,1
116,21928,66,1,NEW MEX,100,,HAALAND,6,1,6,1,1,1,1,1,1,1,1,1,6,1,6,1,1,1,6,1,1,1,1,1,1,1,1,1,1,1,1,1,1,1,1,1,1,1,1,1,1,1,1,6,6,6,1,1,1,1
116,21976,66,2,NEW MEX,100,,TORRES SMAL,6,1,6,1,1,1,1,1,1,1,1,1,6,1,6,1,1,1,6,1,1,1,1,1,1,1,1,1,1,1,6,1,1,1,1,1,1,1,1,1,1,1,1,6,6,6,1,1,1,1
116,20932,66,3,NEW MEX,100,,LUJÁN,6,1,6,1,1,1,1,1,1,1,1,1,6,1,6,1,1,1,6,1,1,1,1,1,1,1,1,1,1,1,1,1,1,1,1,1,1,1,1,9,1,1,1,6,6,6,1,1,1,1
116,21539,13,1,NEW YOR,200,,ZELDIN,1,6,1,6,6,1,1,6,6,6,1,6,6,6,1,6,6,1,1,6,1,1,1,6,1,6,1,6,6,6,6,6,1,6,6,6,6,1,6,1,6,6,1,1,6,6,1,1,1,6
116,29375,13,2,NEW YOR,200,,KING,1,6,1,6,6,1,9,1,6,6,1,6,6,1,1,6,9,1,1,1,1,1,1,6,1,1,1,1,6,6,6,1,1,6,6,6,6,1,6,1,6,6,1,6,6,6,1,1,1,6
116,21747,13,3,NEW YOR,100,,SUOZZI,6,1,6,1,1,1,1,1,1,1,1,1,6,1,6,1,1,1,6,1,1,1,1,1,1,6,1,1,1,1,1,1,1,1,1,1,1,1,1,1,1,1,1,6,6,6,1,1,1,1
116,21540,13,4,NEW YOR,100,,RICE,6,1,6,1,1,1,1,1,1,1,1,1,6,1,6,1,1,1,6,1,1,1,1,1,1,6,1,1,1,1,9,1,1,1,1,1,1,1,1,1,1,1,1,6,6,6,1,1,1,1
116,29776,13,5,NEW YOR,100,,MEEKS,9,1,6,1,1,1,1,1,1,1,1,1,6,1,6,1,1,1,9,1,1,1,9,1,1,9,1,1,1,1,1,1,1,1,1,1,1,1,1,9,1,1,1,6,6,9,1,1,1,1
116,21342,13,6,NEW YOR,100,,MENG,6,1,6,1,1,1,1,1,1,1,1,1,6,1,6,1,1,1,6,1,1,1,1,1,1,6,1,1,1,1,1,1,1,1,1,1,1,1,1,1,1,1,1,6,6,6,1,1,1,1
116,29378,13,7,NEW YOR,100,,VELÁZQUEZ,6,1,6,1,1,1,1,1,1,1,1,1,6,1,6,1,1,1,6,1,1,1,1,1,1,1,1,1,1,1,1,1,1,1,1,1,1,1,1,1,1,1,1,6,6,6,1,1,9,1
116,21343,13,8,NEW YOR,100,,JEFFRIES,6,1,6,1,1,1,1,1,1,1,1,1,6,1,6,1,1,1,6,1,1,1,1,1,1,1,1,1,1,1,9,1,1,1,1,1,1,1,1,9,1,1,1,6,6,6,1,1,1,1
116,20733,13,9,NEW YOR,100,,CLARKE,6,1,6,1,1,1,1,1,1,1,1,1,6,1,6,1,1,1,6,1,1,1,1,1,1,1,1,1,1,1,1,1,1,1,1,1,1,1,1,1,1,1,1,6,6,6,1,1,1,1
116,29377,13,10,NEW YOR,100,,NADLER,6,1,6,1,1,1,1,1,1,1,1,1,6,1,6,1,1,1,6,1,1,1,1,1,1,1,1,1,1,1,1,1,1,1,1,1,1,1,1,1,1,1,1,6,6,6,1,1,9,1
116,21958,13,11,NEW YOR,100,,ROSE,9,1,6,1,1,1,1,1,1,1,1,1,6,1,6,1,1,1,6,1,1,1,1,1,1,1,1,1,1,1,1,1,1,1,1,1,1,1,1,1,1,1,1,6,6,6,1,1,1,1
116,29379,13,12,NEW YOR,100,,MALONEY,6,1,6,1,1,1,1,1,1,1,1,1,6,1,6,1,1,1,6,1,1,1,1,1,1,1,1,1,1,1,1,1,1,1,1,1,1,1,1,1,1,1,1,6,6,6,1,1,1,1
116,21715,13,13,NEW YOR,100,,ESPAILLAT,6,1,6,1,1,1,1,1,1,1,1,1,6,1,6,1,1,1,6,1,1,1,1,1,1,1,1,1,1,1,1,1,1,1,1,1,1,1,1,1,1,1,1,6,6,6,1,1,1,1
116,21949,13,14,NEW YOR,100,,OCASIO-CORT,6,1,6,1,1,1,1,1,1,1,1,6,6,1,6,1,1,1,6,1,1,1,1,1,1,1,1,1,1,1,1,1,1,1,1,1,1,1,1,6,1,1,1,6,6,6,1,1,1,1
116,29134,13,15,NEW YOR,100,,SERRANO,6,9,6,1,1,1,1,1,9,1,1,9,6,1,6,9,1,9,6,1,1,1,1,1,1,1,1,1,1,1,1,1,1,1,1,1,1,1,1,1,1,1,1,6,6,6,1,1,1,1
116,15603,13,16,NEW YOR,100,,ENGEL,6,1,6,1,1,1,1,1,1,1,1,1,6,1,6,1,1,1,6,1,1,1,1,1,1,1,1,1,1,1,1,1,1,1,1,1,1,1,1,1,1,1,1,6,6,6,1,1,9,1
116,15612,13,17,NEW YOR,100,,LOWEY,6,1,6,1,1,1,1,1,1,1,1,1,6,1,6,1,1,1,6,1,1,1,1,1,1,1,1,1,1,1,1,1,1,1,1,1,1,1,1,1,1,1,1,6,6,6,1,1,1,1
116,21344,13,18,NEW YOR,100,,MALONEY,6,1,6,1,1,1,1,1,1,1,1,1,1,1,6,1,1,1,6,1,1,1,1,9,1,6,1,1,1,1,1,1,1,1,1,1,1,9,1,1,1,1,1,6,6,6,1,1,1,1
116,21916,13,19,NEW YOR,100,,DELGADO,6,1,6,1,1,1,1,1,1,1,1,1,6,1,6,1,1,1,6,1,1,1,1,1,1,1,1,1,1,1,1,1,1,1,1,1,1,1,1,1,1,1,1,6,6,6,1,1,1,1
116,20934,13,20,NEW YOR,100,,TONKO,6,1,6,1,1,1,1,1,1,1,1,1,6,1,6,1,1,1,6,1,1,1,1,1,1,7,1,1,1,1,1,1,1,1,1,1,1,1,1,1,1,1,1,6,6,6,1,1,1,1
116,21541,13,21,NEW YOR,200,,STEFANIK,1,6,1,6,6,1,1,1,1,6,1,1,1,1,1,6,6,1,6,1,1,1,1,6,1,1,1,1,6,6,6,1,1,6,6,6,6,1,6,1,1,6,1,6,6,6,1,1,1,6
116,21904,13,22,NEW YOR,100,,BRINDISI,6,1,6,1,1,1,1,1,1,1,1,1,6,1,6,1,1,1,6,1,1,1,1,1,1,6,1,1,1,1,6,1,1,1,1,1,1,1,1,1,1,1,1,6,6,6,1,1,1,1
116,21101,13,23,NEW YOR,200,,REED,1,6,1,6,6,1,1,1,1,6,1,1,1,1,1,6,9,1,6,1,1,1,1,6,1,6,1,6,6,6,6,1,1,6,6,6,6,1,6,9,6,6,1,1,6,6,1,1,1,6
116,21542,13,24,NEW YOR,200,,KATKO,1,6,6,6,6,1,1,1,1,1,1,1,1,1,6,6,6,1,6,1,1,1,1,6,1,1,1,1,1,6,6,1,1,6,6,6,6,1,6,1,1,1,1,6,6,6,1,1,1,6
116,21761,13,25,NEW YOR,100,,MORELLE,6,1,6,1,1,1,1,1,1,1,1,1,6,1,6,1,1,1,6,1,1,1,1,1,1,1,1,1,1,1,1,1,1,1,1,1,1,1,1,1,1,1,1,6,6,6,1,1,1,1
116,20519,13,26,NEW YOR,100,,HIGGINS,6,1,6,1,1,1,1,1,1,1,1,1,6,1,6,1,1,1,6,1,1,1,1,1,1,1,1,1,1,1,1,1,1,1,1,1,1,1,1,1,1,1,1,6,6,6,1,1,9,1
116,21345,13,27,NEW YOR,200,,COLLINS,1,0,1,6,6,1,1,0,0,6,9,0,1,6,1,0,6,0,1,1,1,1,1,6,1,1,1,6,6,6,6,6,1,6,6,6,6,1,6,1,6,0,1,1,6,6,1,1,0,6
116,20340,47,1,NORTH C,100,,BUTTERFIELD,6,1,6,1,1,1,1,1,1,1,1,1,6,1,6,1,1,1,6,1,1,1,1,1,1,1,9,1,1,1,1,1,1,1,1,1,1,1,1,9,1,1,1,6,6,6,1,1,1,1
116,21349,47,2,NORTH C,200,,HOLDING,1,6,1,6,6,1,1,6,6,6,1,6,6,6,1,6,6,1,1,9,1,1,1,6,1,9,1,6,6,6,6,6,1,6,6,6,6,1,6,1,6,9,1,1,1,1,1,1,9,6
116,21987,47,3,NORTH C,200,,MURPHY,0,6,0,6,0,0,0,6,6,0,0,6,0,0,0,6,6,1,0,0,0,0,0,0,0,0,0,0,0,0,0,0,0,0,0,0,0,0,0,0,0,6,0,0,0,0,0,0,1,0
116,29546,47,3,NORTH C,200,,JONES,0,0,0,0,0,0,0,0,0,0,0,0,0,0,0,0,0,0,0,0,0,0,0,0,0,0,0,9,0,0,0,0,0,0,0,0,0,0,9,0,0,0,9,0,0,0,9,0,0,0
116,15438,47,4,NORTH C,100,,PRICE,6,1,6,1,1,1,1,1,1,1,1,1,6,1,6,1,1,1,6,1,1,1,1,1,1,1,1,1,1,1,1,1,1,1,1,1,1,1,1,1,1,1,1,6,6,6,1,1,1,1
116,20521,47,5,NORTH C,200,,FOXX,1,6,1,6,6,1,1,6,6,6,1,6,1,6,1,6,6,1,1,1,1,1,1,6,1,6,1,6,6,6,6,6,1,6,6,6,6,1,6,1,6,6,1,1,1,1,1,6,1,6
116,21543,47,6,NORTH C,200,,WALKER,1,6,1,9,6,1,1,6,6,6,1,6,1,9,1,6,6,1,1,6,1,6,9,6,1,6,1,6,9,6,6,9,1,6,6,6,6,1,6,1,6,9,1,1,1,1,6,6,1,6
116,21544,47,7,NORTH C,200,,ROUZER,1,6,1,6,6,1,1,6,6,6,6,6,6,1,1,6,6,1,1,1,6,1,1,6,1,6,1,6,6,6,6,6,1,6,6,6,6,1,6,1,6,6,1,1,1,1,1,1,1,6
116,21346,47,8,NORTH C,200,,HUDSON,1,6,1,6,6,1,1,6,6,6,1,6,1,1,1,6,6,1,1,6,1,1,9,6,1,6,1,6,6,6,6,6,1,6,6,6,6,1,6,1,6,6,1,1,1,1,1,1,1,6
116,21986,47,9,NORTH C,200,,BISHOP,0,6,0,6,0,0,0,6,6,0,0,6,0,0,0,6,6,1,0,0,0,0,0,0,0,0,0,0,0,0,0,0,0,0,0,0,0,0,0,0,0,6,0,0,0,0,0,0,1,0
116,20522,47,10,NORTH C,200,,MCHENRY,1,9,1,9,6,1,1,6,6,6,1,6,1,6,1,6,6,1,1,1,1,1,1,6,1,6,1,6,6,6,6,6,1,6,6,6,6,1,6,1,6,6,1,1,1,1,1,1,1,6
116,21348,47,11,NORTH C,200,,MEADOWS,1,6,1,6,6,1,1,6,6,6,1,6,9,6,1,6,6,1,1,1,1,1,1,6,1,1,1,6,6,6,6,6,1,6,6,6,6,1,6,1,6,6,1,1,1,9,1,6,1,6
116,21545,47,12,NORTH C,100,,ADAMS,6,1,6,1,1,1,1,1,1,1,1,1,6,1,6,1,1,1,6,1,1,1,1,1,1,1,1,1,1,1,1,1,1,1,1,1,1,1,1,1,1,1,1,6,6,6,1,1,1,1
116,21708,47,13,NORTH C,200,,BUDD,1,6,1,6,6,1,1,6,6,6,1,6,1,6,1,6,6,1,1,6,1,1,1,6,1,6,1,6,6,6,6,6,1,6,6,6,6,1,6,1,6,6,1,1,1,1,6,6,1,6
116,21901,36,1,NORTH D,200,,ARMSTRONG,1,6,1,6,6,1,1,6,6,6,1,6,1,6,1,6,6,1,1,1,1,1,9,6,1,1,1,6,6,6,6,6,1,9,6,6,6,1,6,1,6,6,1,1,6,6,1,1,1,6
116,29550,24,1,OHIO,200,,CHABOT,1,6,1,6,6,1,1,6,6,6,1,6,1,6,1,6,6,1,1,1,1,1,1,6,1,6,1,6,6,6,6,6,1,6,6,6,6,1,6,1,6,6,1,1,1,1,1,6,1,6
116,21351,24,2,OHIO,200,,WENSTRUP,1,6,1,6,6,1,1,6,6,6,1,6,1,9,1,6,6,1,1,1,1,1,1,6,1,1,9,6,9,6,6,9,1,6,6,6,6,1,6,1,6,6,1,1,1,1,9,6,1,6
116,21352,24,3,OHIO,100,,BEATTY,6,1,6,1,1,1,1,1,1,1,1,1,6,1,6,1,9,1,6,1,1,1,1,1,1,1,1,1,1,1,1,1,1,1,1,1,1,1,1,1,1,1,1,6,6,6,1,9,1,1
116,20738,24,4,OHIO,200,,JORDAN,1,6,1,6,6,1,1,6,6,6,1,6,1,6,1,6,6,1,1,6,6,1,1,6,6,6,6,6,6,6,6,6,1,6,6,6,6,1,6,1,6,6,1,1,1,1,1,6,1,6
116,20755,24,5,OHIO,200,,LATTA,1,6,1,6,6,1,1,6,6,6,1,6,1,6,1,6,6,1,1,6,1,1,1,6,1,6,1,6,6,6,6,6,1,6,6,6,6,1,6,1,6,6,1,1,1,1,1,1,1,6
116,21162,24,6,OHIO,200,,JOHNSON,9,6,1,6,6,1,1,6,6,6,1,6,1,6,1,6,6,1,1,6,1,1,1,6,1,6,1,6,6,6,6,6,1,6,6,6,6,1,6,1,6,6,1,1,1,1,1,9,1,6
116,21165,24,7,OHIO,200,,GIBBS,1,6,1,6,6,1,1,6,6,6,1,6,1,6,1,6,6,1,1,6,1,1,1,6,1,6,1,6,6,6,6,6,1,6,6,6,6,1,6,1,6,6,1,1,1,1,1,1,1,6
116,21564,24,8,OHIO,200,,DAVIDSON,1,6,1,6,6,1,1,6,1,6,1,6,1,6,1,6,6,1,1,6,6,1,1,6,6,6,1,9,6,6,6,6,1,6,6,6,6,1,6,1,6,6,1,1,1,1,6,6,1,6
116,15029,24,9,OHIO,100,,KAPTUR,6,1,6,1,1,1,1,1,1,1,1,1,6,1,6,1,1,1,6,1,1,1,1,1,1,1,1,1,1,1,1,1,1,1,1,1,1,1,1,1,1,1,1,6,6,6,1,1,1,1
116,20342,24,10,OHIO,200,,TURNER,1,6,1,6,6,1,1,1,6,6,1,6,1,6,1,6,6,1,1,1,1,1,1,6,1,6,1,6,6,6,6,6,1,6,6,6,6,1,6,1,6,6,1,1,6,6,1,1,1,6
116,20941,24,11,OHIO,100,,FUDGE,6,1,6,1,9,9,1,1,9,1,1,1,6,1,6,9,1,1,6,1,1,1,1,1,1,1,1,1,1,1,1,1,1,1,1,1,1,1,1,1,1,1,1,6,6,6,1,1,1,1
116,21759,24,12,OHIO,200,,BALDERSON,1,6,1,6,6,1,1,1,6,6,1,6,1,6,1,6,6,1,1,6,1,1,1,6,1,6,1,6,6,6,6,6,1,6,6,6,6,1,6,1,6,6,1,1,1,1,1,1,1,6
116,20343,24,13,OHIO,100,,RYAN,9,1,6,1,1,1,9,1,1,1,1,1,6,9,6,1,1,1,9,1,1,1,1,1,1,9,1,1,9,1,9,9,9,1,9,9,9,1,1,9,1,1,1,6,9,9,1,1,1,9
116,21353,24,14,OHIO,200,,JOYCE,1,6,1,6,6,1,1,1,1,6,1,6,6,6,1,6,6,1,1,1,1,1,1,6,1,1,1,6,6,6,6,6,1,6,6,6,6,1,6,1,6,6,1,1,6,6,1,1,1,6
116,21163,24,15,OHIO,200,,STIVERS,1,6,1,6,6,1,1,6,9,6,1,6,1,1,1,6,6,1,6,1,1,1,9,9,1,9,1,1,6,6,6,6,1,6,6,6,6,1,6,1,6,6,1,1,6,6,1,9,9,6
116,21924,24,16,OHIO,200,,GONZALEZ,1,6,1,6,6,1,1,6,6,6,1,6,1,6,1,6,6,1,1,1,1,1,1,6,1,6,1,6,6,6,6,6,1,6,6,6,6,1,6,1,6,6,1,1,6,6,1,1,1,6
116,21760,53,1,OKLAHOM,200,,HERN,1,6,1,6,6,1,1,6,6,6,1,6,1,6,1,6,6,1,1,1,6,6,6,6,6,1,6,6,6,6,6,6,1,6,6,6,6,1,6,1,6,6,1,1,1,1,1,1,1,6
116,21355,53,2,OKLAHOM,200,,MULLIN,1,6,1,6,6,1,1,6,6,6,1,6,1,6,1,6,6,1,1,1,1,6,1,6,6,1,1,6,6,6,6,1,1,6,6,6,6,1,9,1,6,6,1,1,1,1,1,1,9,6
116,29393,53,3,OKLAHOM,200,,LUCAS,1,6,1,6,6,1,1,6,6,6,1,6,1,6,1,6,6,1,9,1,1,1,1,6,1,6,1,6,6,6,6,1,1,6,6,6,6,1,6,1,6,6,1,1,6,9,9,1,1,6
116,20344,53,4,OKLAHOM,200,,COLE,1,6,1,6,6,1,1,6,6,6,1,6,1,6,1,6,6,1,1,6,1,1,1,6,1,6,1,6,6,6,6,6,1,6,6,6,6,1,1,1,6,6,1,1,6,6,1,1,1,6
116,21933,53,5,OKLAHOM,100,,HORN,6,1,6,1,1,1,1,1,1,1,1,1,6,1,6,1,1,1,6,1,1,1,1,1,1,6,1,1,1,1,6,1,1,1,1,1,1,1,1,1,1,1,1,6,6,6,1,1,1,1
116,21198,72,1,OREGON,100,,BONAMICI,6,1,6,1,1,1,1,1,1,1,1,1,6,1,6,1,1,1,6,1,1,1,1,1,1,1,1,1,1,1,1,1,1,1,1,1,1,1,1,1,1,1,1,6,6,6,1,1,1,1
116,29932,72,2,OREGON,200,,WALDEN,1,6,1,6,6,1,1,1,6,6,1,6,6,1,1,6,6,1,6,1,1,1,1,6,1,6,1,1,6,6,6,6,1,6,6,6,6,9,6,1,1,6,1,1,6,6,1,1,1,6
116,29588,72,3,OREGON,100,,BLUMENAUER,6,1,6,1,1,6,1,1,1,1,1,1,6,1,6,1,1,1,6,1,1,1,1,1,1,1,1,1,1,1,1,1,1,1,1,1,1,1,1,1,1,1,1,6,6,6,1,1,1,1
116,15410,72,4,OREGON,100,,DEFAZIO,6,1,6,1,1,1,1,1,1,1,1,1,6,1,6,1,1,1,6,1,1,1,1,1,1,1,1,1,1,1,1,1,1,1,1,1,1,1,1,1,1,1,1,6,6,6,1,1,1,1
116,20944,72,5,OREGON,100,,SCHRADER,6,1,6,1,1,1,1,1,1,1,1,1,6,1,6,1,1,1,6,1,1,1,1,1,1,6,1,1,1,1,1,1,1,1,1,1,1,1,1,1,1,1,1,6,6,6,1,1,1,1
116,21718,14,1,PENNSYL,200,,FITZPATRICK,1,1,6,6,1,1,1,1,1,1,1,1,6,1,6,6,6,1,6,1,1,1,1,1,1,6,1,1,1,6,6,1,1,6,6,6,6,1,1,1,1,1,1,6,6,6,1,1,1,6
116,21548,14,2,PENNSYL,100,,BOYLE,6,1,6,1,1,1,1,1,1,1,1,1,6,1,6,1,1,1,6,1,1,1,1,1,1,1,1,1,1,1,1,1,1,1,1,1,1,1,1,9,1,1,1,6,6,6,1,1,1,1
116,21566,14,3,PENNSYL,100,,EVANS,6,1,6,1,1,1,1,1,9,1,1,1,6,1,6,1,1,1,6,1,1,1,1,1,1,1,1,1,1,1,1,1,1,1,1,1,1,1,1,1,1,1,1,6,6,6,1,1,1,1
116,21915,14,4,PENNSYL,100,,DEAN,6,1,6,1,1,1,1,1,1,1,1,1,6,1,6,1,1,1,6,1,1,1,1,1,1,1,1,1,1,1,1,1,1,1,1,1,1,1,1,1,1,1,1,6,6,6,1,1,1,1
116,21762,14,5,PENNSYL,100,,SCANLON,6,1,6,1,1,1,1,1,1,1,1,1,6,1,6,1,1,1,6,1,1,1,1,1,1,1,1,1,1,1,1,1,1,1,1,1,1,1,1,1,1,1,1,6,6,6,1,1,1,1
116,21934,14,6,PENNSYL,100,,HOULAHAN,6,1,6,1,1,1,1,1,1,1,1,1,6,1,6,1,1,1,6,1,1,1,1,1,1,1,1,1,1,1,1,1,1,1,1,1,1,1,1,1,1,1,1,6,6,6,1,1,1,1
116,21763,14,7,PENNSYL,100,,WILD,6,1,6,1,1,1,1,1,1,1,1,1,6,1,6,1,1,1,6,1,1,1,1,1,1,6,1,1,1,1,1,1,1,1,1,1,1,1,1,1,1,1,1,6,6,6,1,1,1,1
116,21358,14,8,PENNSYL,100,,CARTWRIGHT,6,9,6,1,1,1,1,1,1,1,1,1,6,9,6,1,1,1,6,1,1,1,1,1,1,1,9,1,1,1,1,1,1,1,1,1,1,1,1,1,1,1,1,6,6,6,1,1,1,1
116,21945,14,9,PENNSYL,200,,MEUSER,1,6,1,6,6,1,1,6,6,6,1,6,1,6,1,6,6,1,1,6,1,1,1,6,1,6,1,6,6,6,6,6,1,6,6,6,6,1,6,1,6,6,1,1,1,1,9,1,1,6
116,21356,14,10,PENNSYL,200,,PERRY,1,6,1,6,6,1,1,6,6,6,1,6,1,6,1,6,6,1,1,6,1,1,1,6,1,1,1,6,6,6,6,6,1,6,6,6,6,1,6,1,6,6,1,1,1,1,1,6,1,6
116,21745,14,11,PENNSYL,200,,SMUCKER,9,6,1,6,6,1,1,6,6,6,1,6,1,6,1,6,6,1,1,1,1,1,1,6,1,6,1,6,6,6,6,6,1,6,6,6,6,1,6,9,6,6,1,1,1,1,1,1,1,6
116,21170,14,12,PENNSYL,200,,MARINO,0,0,0,0,0,0,0,0,0,0,0,0,0,0,0,0,0,0,0,0,0,0,0,0,0,0,0,6,0,0,0,0,0,0,0,0,0,0,0,0,0,0,0,0,0,0,0,0,0,0
116,21985,14,12,PENNSYL,200,,KELLER,0,6,0,6,6,1,1,6,6,6,0,6,1,0,0,6,9,1,1,1,1,1,0,0,1,0,0,0,0,6,0,0,0,6,6,6,6,0,0,0,0,6,0,1,1,6,0,0,1,0
116,21936,14,13,PENNSYL,200,,JOYCE,1,6,1,6,6,1,1,6,6,6,1,6,1,6,1,6,6,1,1,6,1,1,1,6,6,6,1,6,6,6,6,6,1,6,6,6,6,1,6,1,6,6,1,1,1,1,1,6,1,6
116,21956,14,14,PENNSYL,200,,RESCHENTHAL,1,6,1,6,6,1,1,6,9,6,9,6,1,6,1,6,6,1,1,1,1,1,1,6,6,6,1,6,6,6,6,6,1,6,6,6,6,1,6,1,6,6,1,1,6,6,1,1,1,6
116,20946,14,15,PENNSYL,200,,THOMPSON,1,6,1,6,6,1,1,6,6,6,1,6,1,6,1,6,6,1,1,1,1,1,1,6,1,6,1,6,6,6,6,6,1,6,6,6,6,1,6,1,6,6,1,1,6,6,1,1,1,6
116,21167,14,16,PENNSYL,200,,KELLY,1,6,1,6,6,1,1,6,6,6,1,6,6,6,1,6,6,1,1,1,1,1,1,6,1,1,1,6,6,6,6,6,1,6,6,6,6,1,6,1,6,6,1,1,1,1,1,1,1,6
116,21756,14,17,PENNSYL,100,,LAMB,6,1,6,1,1,1,1,1,1,6,1,1,6,1,6,1,1,1,6,1,1,1,1,1,1,1,1,1,1,1,1,1,1,1,1,1,1,1,1,1,1,1,1,6,6,6,1,1,1,1
116,29561,14,18,PENNSYL,100,,DOYLE,6,1,6,1,1,1,1,1,1,1,1,1,6,1,6,1,1,1,6,1,1,1,1,1,1,1,1,1,1,1,1,1,1,1,1,1,1,1,1,1,1,1,1,6,6,6,1,1,1,1
116,21172,5,1,RHODE I,100,,CICILLINE,6,1,6,1,1,1,1,1,1,1,1,1,6,1,6,1,1,1,6,1,1,1,1,9,1,1,1,1,1,1,1,1,1,1,1,1,1,1,1,1,1,1,1,6,6,6,1,1,1,1
116,20136,5,2,RHODE I,100,,LANGEVIN,6,1,6,1,1,1,1,1,1,1,1,1,6,1,6,1,1,1,6,1,1,1,1,1,1,1,1,1,1,1,1,1,1,1,1,1,1,1,1,1,1,1,1,6,6,6,1,1,1,1
116,21913,48,1,SOUTH C,100,,CUNNINGHAM,6,1,6,1,1,1,1,1,1,1,1,1,6,1,6,1,9,1,6,1,1,1,1,1,1,6,1,1,1,1,6,1,1,1,1,1,1,1,1,1,1,1,1,6,6,6,1,1,1,1
116,20138,48,2,SOUTH C,200,,WILSON,1,6,1,6,6,1,1,6,6,6,1,6,1,6,1,6,6,1,1,6,1,1,1,6,1,1,1,6,6,6,6,6,1,6,6,6,6,1,6,1,9,6,1,1,6,6,1,1,1,6
116,21174,48,3,SOUTH C,200,,DUNCAN,1,6,1,6,6,1,1,6,6,6,1,6,1,6,1,6,6,1,1,6,6,6,1,6,6,6,1,6,6,6,6,6,1,6,6,6,6,1,6,1,6,6,1,1,1,1,1,6,1,6
116,21974,48,4,SOUTH C,200,,TIMMONS,1,6,1,6,6,1,1,6,9,6,1,9,1,6,1,9,6,9,1,6,6,1,1,6,6,1,1,6,6,6,6,6,1,6,6,6,6,1,6,1,6,6,1,1,1,1,1,6,1,6
116,21753,48,5,SOUTH C,200,,NORMAN,1,9,1,9,6,1,1,6,6,6,1,6,1,6,1,6,6,1,1,6,6,6,1,6,6,6,1,6,6,6,6,6,1,6,6,6,6,1,6,1,6,6,1,1,1,1,1,6,6,6
116,39301,48,6,SOUTH C,100,,CLYBURN,9,1,6,1,1,1,1,1,1,1,1,1,6,1,6,1,9,1,6,1,1,1,1,1,1,1,1,1,1,1,1,1,1,1,1,1,1,1,1,1,1,1,1,6,6,9,9,1,1,1
116,21359,48,7,SOUTH C,200,,RICE,1,6,1,6,6,9,1,1,6,6,6,6,1,1,1,6,6,1,1,6,6,1,1,6,1,6,6,6,6,6,6,1,1,6,6,6,6,1,6,1,6,6,1,1,1,1,1,1,6,6
116,21935,37,1,SOUTH D,200,,JOHNSON,1,6,1,6,6,1,1,6,6,6,1,6,1,1,1,6,6,1,1,1,1,1,1,6,1,6,1,6,6,6,6,6,1,6,6,6,6,1,6,1,1,6,1,1,1,1,1,1,1,6
116,20947,54,1,TENNESS,200,,ROE,1,6,1,6,6,1,1,6,6,6,1,6,6,6,1,6,6,1,1,1,1,1,1,6,1,1,1,6,6,6,6,6,1,6,6,6,6,1,6,1,6,6,1,1,1,1,1,1,9,6
116,21905,54,2,TENNESS,200,,BURCHETT,1,6,1,6,6,1,1,6,6,6,1,6,1,6,1,6,6,1,1,1,6,1,1,6,1,6,6,6,6,6,6,6,1,6,6,6,6,1,6,1,6,6,1,1,1,1,1,6,1,6
116,21178,54,3,TENNESS,200,,FLEISCHMANN,1,6,1,6,6,1,1,6,6,6,1,6,6,6,1,6,6,1,1,1,1,1,1,6,1,1,1,6,6,6,6,6,1,6,6,6,6,1,6,1,6,6,1,1,6,6,1,1,1,6
116,21179,54,4,TENNESS,200,,DESJARLAIS,1,6,1,6,6,1,1,6,6,6,1,6,1,6,1,6,6,1,1,6,1,1,1,6,1,6,1,6,6,6,6,6,1,6,6,6,6,1,6,1,6,6,9,1,1,1,1,6,1,6
116,15019,54,5,TENNESS,100,,COOPER,6,1,6,1,1,1,1,1,9,1,1,1,6,1,6,9,1,1,6,1,1,1,1,1,1,1,1,1,1,1,1,1,1,1,1,1,1,1,1,1,1,1,1,6,6,6,1,1,1,1
116,21959,54,6,TENNESS,200,,ROSE,1,6,1,6,6,1,1,6,6,6,1,6,6,6,1,6,6,1,1,6,1,6,1,6,1,6,1,6,6,6,6,6,1,6,6,6,6,1,6,1,6,6,1,1,1,1,1,1,1,6
116,21926,54,7,TENNESS,200,,GREEN,1,6,1,6,6,1,1,6,6,6,1,6,1,6,1,6,6,1,1,6,9,9,6,6,9,6,1,6,6,6,6,6,1,6,9,9,9,1,6,1,6,6,1,1,1,1,1,9,1,6
116,21731,54,8,TENNESS,200,,KUSTOFF,1,6,1,6,6,1,1,6,6,6,1,6,1,9,1,6,6,1,1,6,1,1,1,6,1,6,1,6,6,6,6,9,1,6,6,6,6,1,6,1,6,6,1,1,1,1,1,1,1,6
116,20748,54,9,TENNESS,100,,COHEN,6,1,6,1,1,1,1,1,1,1,1,1,6,1,6,1,1,1,6,1,1,1,1,1,1,1,1,1,1,1,1,1,1,1,1,1,1,1,1,1,1,1,1,6,6,6,1,1,1,1
116,20527,49,1,TEXAS,200,,GOHMERT,1,6,6,6,6,1,9,6,6,6,1,6,1,6,6,6,6,1,9,6,6,6,1,6,6,9,6,6,6,6,6,6,9,6,6,6,6,1,6,1,6,6,1,1,1,9,1,1,1,6
116,21911,49,2,TEXAS,200,,CRENSHAW,1,6,1,6,6,1,1,6,6,6,1,6,1,1,1,6,6,1,1,1,1,1,1,6,1,6,1,6,6,6,6,6,1,6,6,6,6,1,6,1,6,6,1,1,6,6,1,1,1,6
116,21973,49,3,TEXAS,200,,TAYLOR,1,6,1,6,6,1,1,6,6,6,1,6,1,6,1,6,6,1,1,1,6,6,1,6,6,1,1,6,6,6,6,6,1,6,6,6,6,1,6,1,6,6,1,1,6,1,1,6,1,9
116,21549,49,4,TEXAS,200,,RATCLIFFE,1,6,1,9,6,1,1,6,6,6,1,6,1,6,1,6,6,9,1,6,1,9,1,6,1,9,1,6,9,6,6,6,1,6,6,6,6,1,6,1,6,6,1,1,1,1,1,6,1,6
116,21925,49,5,TEXAS,200,,GOODEN,1,6,1,6,6,1,1,6,6,6,1,6,1,6,1,6,6,1,1,6,6,6,1,6,6,6,1,6,6,6,6,6,1,6,6,6,6,1,6,1,6,6,1,1,1,1,1,6,1,6
116,21984,49,6,TEXAS,200,,WRIGHT,1,6,1,6,6,9,1,6,6,6,1,6,1,6,1,6,6,1,9,6,9,9,1,6,9,6,1,6,6,6,6,6,1,6,9,9,9,1,6,1,6,6,1,1,1,1,1,6,1,6
116,21919,49,7,TEXAS,100,,FLETCHER,6,1,6,1,1,1,1,1,1,6,1,1,1,1,6,1,1,1,6,1,1,1,1,1,1,1,9,1,1,1,1,1,1,1,1,1,1,1,1,1,1,1,1,6,6,6,9,1,1,1
116,29760,49,8,TEXAS,200,,BRADY,1,6,1,6,6,9,1,6,6,6,1,6,6,6,1,6,6,1,1,6,1,6,1,1,6,1,1,6,6,6,6,6,1,6,6,6,6,1,6,1,6,6,1,1,1,1,1,1,1,6
116,20529,49,9,TEXAS,100,,GREEN,6,1,6,1,1,1,1,1,1,1,1,1,6,1,6,1,1,1,6,1,1,1,1,1,1,1,1,1,1,1,1,1,1,1,1,1,1,1,1,1,1,1,1,6,6,6,1,1,1,1
116,20530,49,10,TEXAS,200,,MCCAUL,1,6,1,6,6,1,1,1,6,6,1,6,1,1,1,6,6,1,1,1,1,1,1,6,1,6,1,6,6,6,6,6,9,6,6,6,6,1,6,1,6,6,1,1,1,1,1,1,1,6
116,20531,49,11,TEXAS,200,,CONAWAY,1,6,1,6,6,1,1,6,6,6,1,6,1,6,1,6,6,1,1,6,1,6,1,6,1,6,1,6,6,6,6,6,1,6,6,6,6,1,6,1,6,6,1,1,1,1,1,1,1,6
116,29762,49,12,TEXAS,200,,GRANGER,1,6,1,6,6,1,1,6,6,6,1,6,6,6,1,6,6,1,1,6,1,1,1,6,1,6,1,6,6,6,6,6,1,6,6,6,6,1,6,1,9,6,1,1,6,1,1,1,9,9
116,29572,49,13,TEXAS,200,,THORNBERRY,1,6,1,6,6,1,1,6,6,6,1,6,1,6,1,6,6,1,1,6,1,1,1,6,1,1,1,6,6,6,6,1,1,6,6,6,6,1,6,1,6,6,1,1,1,9,1,1,1,6
116,21360,49,14,TEXAS,200,,WEBER,9,6,1,6,6,1,1,6,6,6,1,6,1,6,1,6,9,1,1,6,6,6,1,6,1,6,1,6,6,6,6,6,1,6,6,6,6,1,6,1,6,6,1,1,1,1,1,1,1,6
116,21722,49,15,TEXAS,100,,GONZALEZ,6,1,6,1,1,1,1,1,1,6,1,1,6,1,6,1,1,1,6,1,1,1,1,1,1,1,9,1,1,9,1,1,1,1,1,1,1,1,1,9,1,1,1,6,6,6,1,1,1,1
116,21917,49,16,TEXAS,100,,ESCOBAR,6,1,6,9,1,1,1,1,1,1,1,1,6,1,6,1,1,1,6,1,1,1,1,1,1,1,1,1,1,1,1,1,1,1,1,1,1,1,1,1,1,1,1,6,6,6,1,1,1,1
116,21182,49,17,TEXAS,200,,FLORES,1,6,1,6,6,1,1,6,9,6,6,9,1,6,1,9,6,1,1,1,1,1,1,6,1,6,1,6,7,6,6,6,1,6,6,6,6,1,6,1,6,6,1,1,1,1,1,1,1,6
116,29573,49,18,TEXAS,100,,JACKSON LEE,6,1,6,1,1,1,1,1,1,1,1,1,6,1,6,1,9,1,6,1,1,1,1,1,1,1,9,1,1,1,1,1,1,1,1,1,1,1,1,1,1,1,1,6,6,6,1,1,1,1
116,21700,49,19,TEXAS,200,,ARRINGTON,1,6,1,6,6,1,1,6,6,6,1,6,6,6,1,6,6,1,1,6,1,6,1,6,1,1,1,6,6,6,6,6,1,6,6,6,6,1,6,1,6,6,1,1,1,1,1,1,6,6
116,21362,49,20,TEXAS,100,,CASTRO,6,1,6,1,1,1,1,1,1,1,1,1,6,1,6,1,1,1,6,1,1,1,1,1,1,1,1,1,1,1,1,1,1,1,1,1,1,1,1,1,1,1,1,6,6,6,1,1,1,1
116,21961,49,21,TEXAS,200,,ROY,1,6,1,6,6,1,1,9,6,6,6,6,6,6,1,6,6,1,1,6,6,6,1,6,6,6,6,9,6,6,6,6,1,6,6,6,6,1,6,6,6,9,1,1,1,9,1,6,9,6
116,20948,49,22,TEXAS,200,,OLSON,1,6,1,6,6,1,1,6,6,6,1,6,1,9,1,6,6,1,1,6,6,6,1,6,1,9,1,6,9,6,6,9,1,6,6,6,6,1,6,1,6,6,1,1,1,1,1,1,1,6
116,21550,49,23,TEXAS,200,,HURD,1,6,1,9,6,1,1,1,1,6,1,6,6,1,1,6,6,1,9,1,1,1,1,6,1,6,1,1,6,6,6,1,1,6,6,6,6,1,1,1,1,6,1,1,6,6,1,1,1,6
116,20532,49,24,TEXAS,200,,MARCHANT,1,9,1,6,6,1,1,9,6,6,1,9,6,6,1,6,9,9,1,6,1,6,1,6,1,6,1,6,6,6,6,6,1,6,6,6,6,1,6,1,6,9,1,1,1,1,9,9,1,6
116,21364,49,25,TEXAS,200,,WILLIAMS,1,6,1,6,6,1,1,6,6,6,1,6,1,6,1,6,6,1,1,6,1,1,1,6,6,6,1,6,6,6,6,6,1,6,6,6,6,1,6,1,6,6,1,1,1,1,1,1,1,6
116,20355,49,26,TEXAS,200,,BURGESS,1,6,1,6,6,1,1,6,6,6,1,6,1,6,1,6,6,1,1,1,6,6,1,6,6,6,1,6,6,6,6,6,1,6,6,6,6,1,6,1,6,6,9,1,1,1,1,1,1,6
116,21758,49,27,TEXAS,200,,CLOUD,1,6,1,6,6,1,1,6,6,6,1,6,1,6,1,6,6,1,1,1,1,1,1,6,6,6,1,6,6,6,6,6,1,6,6,6,6,1,6,1,6,6,1,1,1,9,1,6,1,6
116,20533,49,28,TEXAS,100,,CUELLAR,6,1,6,1,1,1,1,1,1,1,1,1,6,1,6,1,6,1,6,1,1,1,1,1,1,6,1,1,1,1,1,1,1,1,1,1,1,1,1,1,1,1,1,6,6,6,1,1,1,1
116,21922,49,29,TEXAS,100,,GARCIA,6,1,6,1,1,1,1,1,1,1,1,1,6,1,6,1,1,1,6,1,1,1,1,1,1,1,1,1,1,1,1,1,1,1,1,1,1,1,1,1,1,1,1,6,6,6,1,1,1,1
116,39305,49,30,TEXAS,100,,JOHNSON,6,1,6,1,1,1,1,1,1,1,1,1,6,1,6,1,1,1,9,1,1,1,1,1,1,1,1,1,1,1,1,1,1,1,1,1,1,1,1,1,1,1,1,6,6,6,1,1,1,1
116,20356,49,31,TEXAS,200,,CARTER,1,6,1,6,6,1,1,6,6,6,1,6,6,6,1,9,6,1,1,6,1,6,1,6,1,6,1,9,6,6,6,6,1,6,6,6,6,1,6,1,6,6,1,1,6,1,1,1,1,6
116,21900,49,32,TEXAS,100,,ALLRED,6,1,6,1,1,1,1,1,1,6,1,1,6,1,6,1,1,1,6,1,1,1,1,1,1,1,1,1,1,1,1,1,1,1,1,1,1,1,1,1,1,1,1,6,6,6,9,1,1,9
116,21365,49,33,TEXAS,100,,VEASEY,6,1,6,1,1,1,1,1,1,6,1,1,6,1,6,1,1,1,6,1,1,1,1,1,1,1,1,1,1,1,1,1,1,1,1,1,1,1,1,1,1,1,1,6,6,6,1,1,1,1
116,21366,49,34,TEXAS,100,,VELA,6,1,6,1,1,1,1,1,1,6,1,1,1,1,6,1,1,1,6,1,1,1,1,1,1,1,1,1,1,1,1,1,1,1,1,1,1,1,1,1,1,1,1,6,6,6,1,1,1,1
116,29571,49,35,TEXAS,100,,DOGGETT,6,1,6,1,1,1,1,1,1,1,1,1,6,1,6,1,1,1,6,1,1,1,1,1,1,1,1,1,1,1,1,1,9,1,1,1,1,1,1,1,1,1,1,6,6,6,1,1,1,1
116,21551,49,36,TEXAS,200,,BABIN,1,6,1,6,6,1,1,6,6,6,1,6,1,6,1,6,9,1,1,6,6,6,1,6,6,6,9,6,6,6,6,6,1,6,6,6,6,1,6,1,6,6,1,1,1,1,1,1,1,6
116,20357,67,1,UTAH,200,,BISHOP,1,6,1,6,6,1,1,6,6,6,1,6,6,9,1,6,6,1,1,6,6,1,1,1,6,6,1,6,9,6,6,9,1,6,6,6,6,9,6,1,6,9,1,1,1,1,1,1,1,6
116,21367,67,2,UTAH,200,,STEWART,1,6,1,6,6,1,9,6,6,6,1,6,1,6,1,6,6,1,1,1,1,1,1,6,1,1,1,6,6,6,6,6,1,6,6,6,6,1,6,1,6,6,1,1,1,1,1,6,1,6
116,21755,67,3,UTAH,200,,CURTIS,1,6,1,6,6,1,1,6,6,9,1,6,9,6,1,6,6,1,1,9,1,1,1,6,6,1,1,6,6,6,6,6,1,6,6,6,6,9,6,1,6,6,1,1,1,1,1,6,1,6
116,21943,67,4,UTAH,100,,MCADAMS,6,1,6,1,1,1,1,1,1,6,1,1,6,1,6,1,1,1,6,1,1,1,1,1,1,6,1,1,1,1,6,1,1,1,1,1,1,1,1,1,1,1,1,6,6,6,1,1,1,1
116,20750,6,1,VERMONT,100,,WELCH,6,1,6,1,1,1,1,1,1,1,1,1,6,1,6,1,1,1,6,1,1,1,1,1,1,1,1,1,1,1,9,1,1,1,1,1,1,1,1,1,1,1,1,6,6,6,1,1,1,1
116,20756,40,1,VIRGINI,200,,WITTMAN,1,6,1,6,6,1,1,6,6,6,1,6,1,6,1,6,6,1,1,6,1,6,1,6,1,6,1,6,6,6,6,6,1,6,6,6,6,1,1,1,6,6,1,1,1,1,1,6,1,6
116,21941,40,2,VIRGINI,100,,LURIA,6,1,6,1,1,1,1,1,1,1,1,1,6,1,6,1,1,1,6,6,1,1,1,1,1,1,1,1,1,1,1,1,1,1,1,1,1,1,1,1,1,1,1,6,6,6,1,1,1,1
116,39307,40,3,VIRGINI,100,,SCOTT,6,1,6,1,1,1,1,1,1,1,1,1,6,1,6,1,1,1,6,1,1,1,1,1,1,1,1,1,1,1,1,1,1,1,1,1,1,1,1,1,1,1,1,6,6,6,1,1,1,1
116,21736,40,4,VIRGINI,100,,MCEACHIN,6,1,6,9,1,1,1,1,9,1,9,9,6,1,6,9,9,9,6,1,1,1,1,1,1,1,1,1,1,1,9,1,1,1,1,1,1,1,1,9,1,1,1,6,6,6,1,1,1,1
116,21957,40,5,VIRGINI,200,,RIGGLEMAN,1,6,1,6,6,1,1,6,6,6,1,6,1,6,1,6,6,1,1,1,1,1,1,6,1,6,1,6,6,6,6,6,1,6,6,6,6,1,6,1,6,6,1,1,1,1,1,1,1,6
116,21908,40,6,VIRGINI,200,,CLINE,1,6,1,6,6,1,1,6,6,6,1,6,1,6,1,6,6,1,1,1,6,6,1,6,6,6,1,6,6,6,6,6,9,6,6,6,6,1,6,1,6,6,1,1,1,1,1,6,1,6
116,21966,40,7,VIRGINI,100,,SPANBERGER,6,1,6,1,1,1,1,1,1,1,1,1,1,1,6,1,1,1,6,1,1,1,1,1,1,6,1,1,1,1,6,1,1,1,1,1,1,1,1,1,1,1,1,6,6,6,1,1,1,1
116,21554,40,8,VIRGINI,100,,BEYER,6,1,6,1,1,1,1,1,1,1,1,1,6,1,6,1,1,1,6,1,1,1,1,1,1,1,1,1,1,1,1,1,1,1,1,1,1,1,1,1,1,1,1,6,6,6,1,9,1,1
116,21191,40,9,VIRGINI,200,,GRIFFITH,1,6,1,6,6,1,1,6,6,6,1,6,1,6,1,6,6,1,1,6,1,1,1,6,6,6,1,6,6,6,6,6,1,6,9,9,9,1,6,1,6,6,1,1,1,1,1,1,1,6
116,21983,40,10,VIRGINI,100,,WEXTON,6,1,6,1,1,1,1,1,1,1,1,1,6,1,6,1,1,1,6,1,1,1,1,1,1,6,1,1,1,1,1,1,1,1,1,1,1,1,1,1,1,1,1,6,6,6,1,1,1,1
116,20952,40,11,VIRGINI,100,,CONNOLLY,6,1,6,1,1,1,1,1,1,1,1,1,6,1,6,1,1,9,6,1,1,1,1,1,1,6,1,1,1,1,1,1,1,1,1,1,1,1,1,1,1,1,1,6,6,6,9,1,1,9
116,31101,73,1,WASHING,100,,DELBENE,6,1,6,1,1,1,1,1,1,1,1,1,6,1,6,1,1,1,6,1,1,1,1,1,1,1,1,1,1,1,1,1,1,1,1,1,1,1,1,1,1,1,1,6,6,6,1,1,1,1
116,20145,73,2,WASHING,100,,LARSEN,6,1,6,1,1,1,1,1,1,1,1,1,6,1,6,1,1,1,6,1,1,1,1,1,1,1,1,1,1,1,1,1,1,1,1,1,1,1,1,1,1,1,1,6,6,6,1,1,1,1
116,21187,73,3,WASHING,200,,HERRERA BEU,1,6,1,6,6,1,1,1,1,9,1,9,9,6,1,6,6,1,1,9,9,9,9,6,9,1,1,1,6,6,6,1,1,6,9,9,9,1,6,1,1,6,1,6,9,1,1,9,1,6
116,21556,73,4,WASHING,200,,NEWHOUSE,1,6,1,6,6,1,1,6,6,6,1,1,6,1,1,6,6,1,1,1,1,1,1,6,1,1,1,6,6,6,6,6,1,6,6,6,6,1,6,1,6,6,1,1,6,6,1,1,1,6
116,20535,73,5,WASHING,200,,MCMORRIS RO,1,6,1,6,6,1,1,6,6,6,1,6,6,6,1,6,6,1,9,1,1,1,1,6,1,1,1,6,6,6,6,6,1,6,6,6,6,1,6,1,1,6,1,1,6,1,1,1,1,6
116,21368,73,6,WASHING,100,,KILMER,6,1,6,1,1,1,1,1,1,1,1,1,6,1,6,1,1,1,6,1,1,1,1,1,1,6,1,1,1,1,1,1,1,1,1,1,1,1,1,1,1,1,1,6,6,6,1,1,1,1
116,21726,73,7,WASHING,100,,JAYAPAL,6,1,6,1,1,1,1,1,1,1,1,1,6,1,6,1,1,1,6,1,1,1,1,1,1,1,1,1,1,1,1,1,1,1,1,1,1,1,1,1,1,1,1,6,6,6,1,1,1,1
116,21962,73,8,WASHING,100,,SCHRIER,6,1,6,1,1,1,1,1,1,1,1,1,6,1,6,1,1,1,6,1,1,1,1,1,1,6,1,1,1,1,1,1,1,1,1,1,1,1,1,1,1,1,1,6,6,6,1,1,1,1
116,29768,73,9,WASHING,100,,SMITH,6,1,6,1,1,1,1,1,1,1,1,1,6,1,6,1,1,1,6,1,1,1,1,1,1,1,1,1,1,1,1,1,1,1,1,1,1,1,1,1,1,1,1,6,6,6,1,1,1,1
116,21369,73,10,WASHING,100,,HECK,6,1,6,1,1,1,1,1,1,1,1,1,6,1,6,1,1,1,6,1,1,1,1,1,1,1,1,1,1,1,1,1,1,1,1,1,1,1,1,1,1,1,1,6,6,6,1,1,9,1
116,21188,56,1,WEST VI,200,,MCKINLEY,1,6,1,6,6,1,1,6,6,6,1,6,1,1,1,6,6,1,1,1,1,1,1,6,1,6,1,6,6,6,6,1,1,6,6,6,6,1,6,1,6,6,1,6,6,6,1,1,1,6
116,21557,56,2,WEST VI,200,,MOONEY,1,6,1,6,6,1,1,6,6,6,1,6,1,6,1,6,6,1,1,6,1,6,1,6,1,6,1,6,6,6,6,6,1,6,6,6,6,1,6,1,6,6,1,1,1,1,6,6,1,6
116,21946,56,3,WEST VI,200,,MILLER,1,6,1,6,6,1,1,6,6,6,1,6,1,6,1,6,6,1,1,1,1,1,1,6,1,6,1,6,6,6,6,6,1,6,6,6,6,1,6,1,6,6,1,1,1,1,1,1,1,6
116,21970,25,1,WISCONS,200,,STEIL,1,6,1,6,6,1,1,6,6,6,1,6,1,6,1,6,6,1,1,1,1,1,1,6,1,1,1,6,6,6,6,6,1,6,6,6,6,1,6,1,6,6,1,1,1,1,1,6,1,6
116,21370,25,2,WISCONS,100,,POCAN,6,1,6,1,1,1,1,1,1,1,1,1,6,1,6,1,1,1,6,1,1,1,1,1,1,1,1,1,1,1,1,1,1,1,1,1,1,1,1,1,1,1,1,6,6,6,1,9,1,1
116,29769,25,3,WISCONS,100,,KIND,6,1,6,9,1,1,1,1,1,1,1,1,6,1,6,1,1,1,6,1,1,1,1,1,1,6,1,1,1,1,1,1,1,1,1,1,1,1,1,1,1,1,1,6,6,6,1,1,1,1
116,20537,25,4,WISCONS,100,,MOORE,6,1,6,1,1,1,1,1,9,1,1,1,6,1,6,1,1,1,6,1,1,1,1,1,1,1,1,1,1,1,1,1,1,1,1,1,1,1,1,1,1,1,1,6,6,6,1,1,1,1
116,14657,25,5,WISCONS,200,,SENSENBRENN,1,6,1,6,6,1,1,1,6,6,1,6,6,6,1,6,6,1,1,1,9,9,1,6,9,6,1,9,1,6,6,6,1,6,6,6,6,1,9,1,1,6,9,1,1,1,6,6,9,6
116,21559,25,6,WISCONS,200,,GROTHMAN,1,6,1,6,6,9,1,1,1,6,6,6,1,6,1,6,6,1,1,6,1,1,1,6,6,6,1,6,6,6,6,6,1,6,6,6,6,1,6,1,6,6,1,6,1,1,1,6,1,6
116,21189,25,7,WISCONS,200,,DUFFY,1,0,1,0,6,9,1,0,0,6,1,0,1,6,1,0,9,0,1,6,1,1,1,6,1,6,1,6,6,6,6,6,1,6,6,6,6,1,6,1,6,0,1,1,6,6,1,1,0,6
116,21720,25,8,WISCONS,200,,GALLAGHER,1,6,1,6,6,1,1,6,6,6,1,6,6,6,1,9,6,1,1,1,1,1,1,6,1,6,1,6,6,6,6,6,1,6,6,6,6,1,6,1,1,6,1,1,6,6,1,6,1,6
116,21710,68,1,WYOMING,200,,CHENEY,1,6,1,9,6,1,1,6,6,6,1,6,1,6,1,6,9,1,1,6,6,6,1,6,6,6,1,6,6,6,6,6,1,6,6,6,6,1,6,1,6,6,1,1,6,6,1,1,9,6
