CongNum,icpsr,StateCode,District,StateNm,PartyCode,ICPSRocc,Name,69,237,294,554,1082,451,945,295,116,499,308,710,895,909,102,371,554,281,504,546,1138,1100,935,874,874,524,391,872,712,61,883,54,358,47,437,672,270,20,889,968,538,964,600,1099,615,42,726,1175,641,1100
108,20300,41,1,ALABAMA,200,1,BONNER,1,1,6,6,1,6,6,1,1,6,6,1,1,1,1,1,6,1,6,6,9,6,6,1,1,1,6,1,1,1,1,1,1,6,1,1,6,1,1,1,6,1,9,6,1,1,6,1,1,6
108,29300,41,2,ALABAMA,200,1,EVERETT,1,1,6,6,1,6,9,1,1,6,1,1,1,1,1,1,6,1,6,6,6,6,6,6,6,1,1,1,1,1,6,1,1,6,1,1,6,1,1,1,6,1,1,6,1,1,6,1,1,6
108,20301,41,3,ALABAMA,200,1,ROGERS,1,1,6,6,1,6,6,1,1,6,1,1,1,1,1,1,6,1,6,6,6,6,6,6,6,1,6,1,1,1,1,1,1,6,1,1,6,1,1,1,6,1,1,6,1,9,6,1,1,6
108,29701,41,4,ALABAMA,200,1,ADERHOLT,1,1,6,6,1,6,6,1,1,6,1,9,1,9,1,1,6,1,6,6,6,6,6,1,1,1,6,1,9,1,1,1,1,6,1,1,6,1,1,1,6,1,1,6,1,1,6,1,1,6
108,29100,41,5,ALABAMA,100,1,CRAMER,1,1,1,6,1,1,6,1,1,1,6,1,1,1,6,1,6,1,1,6,1,6,1,1,1,1,6,6,1,6,1,1,6,6,1,6,6,1,6,1,6,1,1,6,1,1,6,1,1,6
108,29301,41,6,ALABAMA,200,1,BACHUS,1,1,6,6,1,1,6,1,1,6,1,1,1,1,1,1,6,1,6,6,6,6,6,1,1,1,1,1,1,1,1,1,1,6,1,1,6,1,9,1,6,1,1,6,1,1,6,1,1,6
108,20302,41,7,ALABAMA,100,1,DAVIS,1,1,1,1,1,1,6,1,1,1,6,1,1,9,6,1,1,1,1,1,1,1,1,6,6,1,6,6,1,6,1,1,6,6,1,6,1,1,6,1,1,1,1,1,9,1,1,1,1,1
108,14066,81,1,ALASKA,200,1,YOUNG,1,1,6,6,1,6,6,1,1,9,9,1,1,1,1,1,6,1,6,9,6,9,6,6,6,1,9,1,1,1,1,1,1,6,1,9,6,1,1,1,6,1,1,9,1,9,6,9,1,9
108,20303,61,1,ARIZONA,200,1,RENZI,1,1,6,6,1,6,6,1,1,6,6,1,1,1,1,1,6,1,6,6,6,6,6,1,1,1,6,1,1,1,1,1,1,6,1,1,6,1,1,1,6,1,1,6,1,1,6,1,1,6
108,20304,61,2,ARIZONA,200,1,FRANKS,1,1,6,6,1,6,6,1,1,6,1,1,1,1,1,1,6,1,6,6,6,6,6,6,6,1,1,6,1,1,1,1,1,6,1,1,6,1,1,1,6,1,1,6,1,1,6,1,1,6
108,29501,61,3,ARIZONA,200,1,SHADEGG,1,1,6,6,1,6,6,1,1,6,1,1,1,1,1,1,6,1,6,6,6,6,6,1,1,1,1,1,1,1,1,1,1,6,1,1,6,1,1,1,6,1,1,6,1,1,6,1,1,6
108,29101,61,4,ARIZONA,100,1,PASTOR,1,1,1,1,1,1,6,6,1,1,6,1,1,1,6,1,1,1,1,1,1,1,1,6,6,1,6,6,1,6,6,1,6,1,9,6,1,1,6,1,1,1,1,1,1,1,1,1,1,1
108,29502,61,5,ARIZONA,200,1,HAYWORTH,1,1,6,6,1,6,6,1,1,6,1,1,1,1,1,1,6,1,6,6,6,6,6,1,1,1,6,9,1,1,1,1,9,6,1,1,6,1,1,1,9,1,1,6,1,1,6,1,1,6
108,20100,61,6,ARIZONA,200,1,FLAKE,6,1,6,6,1,6,6,1,1,6,1,1,1,1,1,6,6,6,6,6,6,9,6,1,1,1,1,1,1,1,1,1,1,6,1,1,6,1,1,1,6,1,9,9,1,1,6,1,1,9
108,20305,61,7,ARIZONA,100,1,GRIJALVA,1,1,1,1,1,1,1,6,1,1,6,1,1,1,6,1,1,1,1,1,1,9,1,6,6,1,6,6,1,6,6,1,6,1,1,6,1,1,6,1,1,1,1,9,6,9,1,1,1,9
108,15105,61,8,ARIZONA,200,1,KOLBE,1,1,6,6,1,6,6,1,1,6,6,1,1,1,1,1,6,1,6,6,6,6,6,1,1,1,6,1,1,1,1,1,1,6,1,1,6,1,1,1,6,1,1,6,1,1,6,1,1,6
108,29702,42,1,ARKANSA,100,1,BERRY,1,1,1,1,1,1,6,6,1,1,6,9,1,1,6,1,1,1,9,1,1,6,6,6,6,1,6,6,9,6,6,1,6,1,1,6,1,1,9,1,1,1,1,6,1,1,1,1,1,6
108,29703,42,2,ARKANSA,100,1,SNYDER,1,1,1,6,1,1,6,1,1,1,6,1,1,1,6,1,6,1,1,6,1,6,1,1,1,1,6,6,1,9,6,9,6,9,1,6,1,1,6,1,1,1,1,6,1,9,1,1,1,6
108,20101,42,3,ARKANSA,200,1,BOOZMAN,1,1,6,6,1,6,6,1,1,6,1,1,1,1,1,1,6,1,6,6,6,6,6,1,1,1,6,1,1,1,1,1,1,6,1,1,6,9,1,1,6,1,1,6,1,1,6,1,1,6
108,20102,42,4,ARKANSA,100,1,ROSS,1,1,1,1,1,1,6,6,1,1,6,1,1,1,6,1,1,1,1,1,1,6,6,6,6,1,6,6,1,6,6,1,6,6,1,6,1,1,6,1,6,1,1,6,1,1,1,1,1,6
108,29901,71,1,CALIFOR,100,1,THOMPSON,1,1,1,6,1,1,1,6,1,1,6,1,1,1,6,1,6,1,9,1,1,6,1,6,6,1,6,6,1,6,6,1,6,6,1,6,1,1,6,1,1,1,1,6,1,6,6,1,1,6
108,15420,71,2,CALIFOR,200,1,HERGER,1,1,6,6,1,6,6,1,1,6,1,1,1,1,1,1,6,1,6,6,6,6,6,1,1,1,1,1,1,1,1,1,1,6,1,1,6,1,1,1,6,1,1,6,1,1,6,1,1,6
108,29902,71,3,CALIFOR,200,1,OSE,1,1,6,6,1,6,6,1,1,6,6,1,1,1,1,1,6,1,6,6,6,6,6,1,1,1,6,1,1,1,1,1,1,6,1,1,6,1,1,1,6,1,1,6,1,1,6,1,1,6
108,29104,71,4,CALIFOR,200,1,DOOLITTLE,1,1,6,6,1,6,6,1,1,6,1,1,1,1,1,1,6,1,6,6,6,6,6,1,1,1,6,1,1,1,1,1,1,6,1,1,6,1,1,1,6,1,1,6,1,1,6,1,1,6
108,14649,71,5,CALIFOR,100,1,MATSUI,1,1,1,1,1,1,1,6,1,9,6,1,1,1,6,1,1,1,1,1,9,1,1,9,9,1,6,6,1,6,6,1,6,6,1,6,1,1,6,1,1,1,1,6,1,1,1,1,1,1
108,29309,71,6,CALIFOR,100,1,WOOLSEY,1,1,1,1,1,1,1,6,1,9,6,9,1,9,6,1,1,1,1,1,1,1,1,6,6,1,6,6,9,6,6,1,6,1,1,6,1,1,6,1,1,6,1,1,6,1,1,1,1,1
108,14256,71,7,CALIFOR,100,1,MILLER,1,1,1,1,1,1,1,6,1,1,6,1,1,9,6,1,1,1,1,1,1,1,1,6,6,1,6,6,1,6,6,1,6,1,1,9,1,1,6,1,1,1,1,6,6,6,1,1,1,1
108,15448,71,8,CALIFOR,100,1,PELOSI,1,1,1,1,1,1,1,6,1,1,6,1,1,9,6,1,1,1,1,1,1,1,1,6,6,1,6,6,1,6,6,1,6,1,1,9,1,1,6,1,1,1,1,1,1,1,9,9,1,1
108,29778,71,9,CALIFOR,100,1,LEE,1,7,1,1,1,1,1,6,7,1,6,1,1,1,6,1,1,1,1,1,1,1,1,1,1,1,6,6,1,6,6,1,6,1,1,6,1,1,6,1,1,6,1,1,6,1,1,1,1,1
108,29705,71,10,CALIFOR,100,1,TAUSCHER,1,1,1,6,1,1,1,6,1,1,6,1,1,1,6,1,6,1,1,1,1,6,1,6,6,1,6,6,1,6,1,1,6,6,1,6,1,1,6,1,1,1,1,6,1,1,1,1,1,6
108,29311,71,11,CALIFOR,200,1,POMBO,1,1,6,6,1,6,6,1,1,6,6,1,1,1,1,1,6,1,6,6,6,6,6,6,6,1,6,1,1,1,1,1,1,6,1,1,6,1,1,1,1,1,1,6,1,1,6,1,1,6
108,14837,71,12,CALIFOR,100,1,LANTOS,1,9,1,1,1,1,1,6,1,1,6,9,1,9,6,1,1,1,1,1,1,1,1,6,6,1,6,6,9,6,6,1,6,1,1,9,1,1,6,1,1,1,1,6,1,1,1,1,1,1
108,14053,71,13,CALIFOR,100,1,STARK,1,7,1,1,1,1,1,6,1,9,6,1,9,1,6,1,1,1,1,9,1,1,1,1,1,9,6,6,1,6,6,1,6,1,1,6,1,1,6,1,1,6,9,1,6,1,1,9,1,1
108,29312,71,14,CALIFOR,100,1,ESHOO,1,9,1,1,1,1,1,6,1,1,6,1,1,1,6,1,1,1,1,1,1,6,1,1,1,9,6,6,1,6,6,1,6,6,1,6,9,1,6,1,1,1,1,6,6,1,1,1,1,6
108,20103,71,15,CALIFOR,100,1,HONDA,1,1,1,1,1,1,6,6,1,1,6,1,1,1,6,1,1,1,1,1,1,1,1,6,6,1,6,6,1,6,6,1,6,1,1,6,1,1,6,1,1,1,1,1,6,1,1,1,1,1
108,29504,71,16,CALIFOR,100,1,LOFGREN,1,1,1,1,1,1,1,6,1,1,6,1,1,1,6,1,1,9,1,1,1,1,1,6,6,1,6,6,1,6,9,1,6,6,1,6,1,1,6,1,1,1,1,6,6,1,1,1,1,1
108,29313,71,17,CALIFOR,100,1,FARR,1,1,1,1,1,1,9,6,1,1,6,1,1,1,6,1,1,1,1,1,1,1,1,6,6,1,6,6,1,6,6,1,6,1,1,6,1,1,6,1,1,1,1,6,6,1,1,1,1,1
108,20306,71,18,CALIFOR,100,1,CARDOZA,1,1,1,6,1,1,6,6,1,1,6,1,1,1,6,1,6,1,1,1,1,1,6,6,6,1,6,6,1,6,1,1,6,1,1,6,1,1,6,1,1,1,1,6,1,9,9,1,1,1
108,29505,71,19,CALIFOR,200,1,RADANOVICH,1,1,6,6,1,6,6,1,1,6,6,1,1,1,1,1,6,1,6,6,6,6,6,1,1,1,1,1,1,1,1,1,1,6,1,1,6,1,1,1,9,1,1,6,1,1,6,1,1,6
108,29105,71,20,CALIFOR,100,1,DOOLEY,1,1,6,6,1,1,1,1,1,9,6,9,1,9,6,1,6,1,1,1,1,9,6,9,9,1,6,6,9,6,6,1,6,6,1,6,6,1,6,1,6,1,1,9,1,1,1,9,1,9
108,20307,71,21,CALIFOR,200,1,NUNES,1,1,6,6,1,6,6,1,1,6,6,1,1,1,1,1,6,1,6,6,6,6,6,6,6,1,6,1,1,1,1,1,1,6,1,1,6,1,1,1,9,1,1,6,1,1,6,1,1,6
108,14669,71,22,CALIFOR,200,1,THOMAS,1,1,6,6,1,6,9,1,1,6,6,1,1,1,1,1,6,1,6,6,6,6,6,1,1,1,6,1,1,1,1,1,1,6,1,1,6,1,1,1,6,1,1,6,1,1,6,1,9,6
108,29774,71,23,CALIFOR,100,1,CAPPS,1,1,1,9,1,1,1,6,1,1,6,1,1,1,6,1,9,1,1,1,1,1,1,6,6,1,6,6,1,6,6,1,6,6,1,6,1,1,6,1,1,1,1,6,1,1,1,1,1,1
108,15413,71,24,CALIFOR,200,1,GALLEGLY,1,1,6,6,1,6,6,1,1,9,1,1,1,1,1,1,6,1,6,6,6,6,6,6,6,1,9,1,1,1,9,1,1,6,1,9,6,1,1,1,1,1,1,6,1,1,6,1,1,6
108,29315,71,25,CALIFOR,200,1,MCKEON,1,1,6,9,1,6,6,1,1,6,6,1,1,1,1,1,9,1,6,9,6,6,6,6,6,1,6,1,1,1,1,1,1,6,1,1,6,1,1,1,6,1,1,6,1,1,6,1,1,6
108,14813,71,26,CALIFOR,200,1,DREIER,1,1,6,6,1,6,6,1,1,6,6,1,1,1,1,1,6,1,6,6,6,6,6,1,1,9,9,1,1,1,1,1,1,6,1,1,6,1,1,1,6,1,1,6,1,1,6,1,1,6
108,29707,71,27,CALIFOR,100,1,SHERMAN,1,1,1,1,1,1,1,6,1,1,6,1,1,1,6,1,1,1,1,1,1,1,1,1,1,1,6,6,1,6,6,1,6,6,1,6,1,1,6,1,1,1,1,1,1,1,1,1,1,1
108,15005,71,28,CALIFOR,100,1,BERMAN,1,1,1,6,9,1,9,6,1,9,6,1,1,1,6,1,6,1,1,1,1,1,9,1,1,1,9,6,1,6,6,1,6,6,1,6,1,1,6,9,1,9,1,1,9,1,1,1,1,1
108,20104,71,29,CALIFOR,100,1,SCHIFF,1,1,1,1,1,1,1,6,1,1,6,9,1,1,6,1,1,1,1,1,1,1,1,6,6,1,6,6,1,6,6,1,6,1,1,6,1,1,6,1,1,1,1,1,1,1,1,1,1,1
108,14280,71,30,CALIFOR,100,1,WAXMAN,1,1,1,1,1,1,9,6,1,1,6,1,1,1,6,1,1,1,1,1,1,1,1,1,1,1,9,6,1,6,6,1,6,6,1,9,1,1,6,1,1,1,1,1,6,1,1,1,1,1
108,29316,71,31,CALIFOR,100,1,BECERRA,1,1,1,1,1,1,1,6,1,1,6,1,1,1,6,1,1,1,1,1,1,1,1,6,6,1,6,6,1,6,6,1,6,6,1,6,1,1,6,1,1,1,1,1,0,1,1,1,1,1
108,20105,71,32,CALIFOR,100,1,SOLIS,1,1,1,1,1,1,1,6,1,1,6,1,1,1,6,1,1,1,1,1,1,1,1,6,6,1,6,6,1,6,6,1,6,6,1,6,1,1,6,1,1,1,1,6,1,1,1,1,1,1
108,20106,71,33,CALIFOR,100,1,WATSON,1,1,1,1,1,1,1,6,1,1,6,1,1,9,6,1,1,1,1,1,1,1,1,6,6,1,6,6,6,6,6,1,6,6,1,6,1,1,6,1,1,0,1,1,6,1,1,1,1,1
108,29317,71,34,CALIFOR,100,1,ROYBAL-ALLA,1,1,1,1,1,1,1,6,1,1,6,1,1,1,6,1,1,1,1,1,1,6,1,6,6,1,6,6,1,6,6,1,6,6,1,6,1,1,6,1,1,1,1,6,1,1,1,1,1,6
108,29106,71,35,CALIFOR,100,1,WATERS,1,7,1,1,1,1,6,6,7,9,6,1,1,1,6,1,1,1,1,1,1,1,1,6,6,9,6,6,6,6,6,1,6,6,1,6,1,1,6,1,1,6,1,1,6,9,1,1,1,1
108,29318,71,36,CALIFOR,100,1,HARMAN,1,1,1,1,1,1,1,1,1,1,6,1,1,1,6,1,1,1,1,1,1,1,1,6,6,1,6,6,1,6,6,1,6,6,1,6,6,1,6,1,1,1,9,1,1,1,9,1,1,1
108,29586,71,37,CALIFOR,100,1,MILLENDER-M,1,1,1,1,1,1,1,6,1,1,6,1,1,9,6,9,1,9,1,1,9,1,1,6,6,1,9,6,1,6,6,1,9,6,1,6,1,1,6,1,1,1,1,1,1,1,1,9,1,1
108,29903,71,38,CALIFOR,100,1,NAPOLITANO,1,1,1,1,1,1,1,6,1,1,6,1,1,1,6,1,1,1,1,1,1,1,1,6,6,1,6,6,1,6,6,1,6,6,1,6,1,1,6,1,1,1,1,1,9,1,1,1,1,1
108,20310,71,39,CALIFOR,100,1,SÁNCHEZ,1,1,1,1,1,1,1,6,1,1,6,1,1,1,6,1,1,1,1,1,1,1,1,6,6,1,6,6,9,6,6,1,6,6,1,6,1,1,6,1,1,1,1,1,1,1,1,1,1,1
108,29321,71,40,CALIFOR,200,1,ROYCE,9,1,6,6,1,6,6,1,1,6,1,9,1,1,1,1,6,1,6,6,6,6,6,1,1,1,1,1,1,1,1,1,1,6,1,1,9,1,1,1,1,1,1,6,1,1,6,1,1,6
108,14644,71,41,CALIFOR,200,1,LEWIS,1,1,6,6,1,6,6,1,1,6,6,1,1,1,1,1,6,1,6,6,6,6,6,1,1,1,6,1,1,1,1,1,1,6,1,1,6,1,9,1,6,1,1,6,1,1,6,1,1,6
108,29905,71,42,CALIFOR,200,1,MILLER,1,1,6,6,1,6,1,1,1,6,1,1,1,1,1,1,6,1,6,6,6,6,6,6,6,1,1,1,1,1,9,1,1,6,1,1,6,1,1,1,6,1,1,6,1,1,6,1,1,6
108,29942,71,43,CALIFOR,100,1,BACA,1,1,1,1,1,1,6,6,1,1,6,9,1,1,6,1,1,1,1,1,1,1,6,6,6,1,6,6,1,6,6,1,6,6,1,6,1,1,6,1,1,1,1,6,1,1,1,1,1,1
108,29323,71,44,CALIFOR,200,1,CALVERT,1,1,6,6,1,6,6,1,1,6,6,9,1,1,1,1,6,1,6,6,6,6,6,6,6,1,6,1,9,1,1,1,1,6,1,1,6,1,1,1,9,1,9,6,1,1,6,1,1,6
108,29775,71,45,CALIFOR,200,1,BONO,1,1,6,6,1,6,6,1,1,6,6,1,1,1,1,1,6,1,6,6,6,6,6,6,6,1,6,1,1,1,1,1,1,6,1,1,6,1,1,1,9,1,9,6,1,1,6,1,1,6
108,15621,71,46,CALIFOR,200,1,ROHRABACHER,1,1,6,6,1,6,1,1,1,6,1,1,1,1,1,1,6,1,9,1,6,6,6,1,1,1,1,1,1,1,1,1,1,6,1,1,6,1,1,1,6,1,1,6,1,1,6,1,1,6
108,29709,71,47,CALIFOR,100,1,SANCHEZ,1,1,1,6,1,1,1,1,1,1,6,1,1,1,6,1,6,1,1,1,1,1,1,1,1,1,6,6,1,6,6,1,6,6,1,6,1,1,6,1,1,1,9,1,1,6,1,1,1,1
108,15601,71,48,CALIFOR,200,1,COX,1,1,9,6,1,6,6,1,1,6,1,1,1,1,1,1,6,1,6,6,6,6,9,1,1,1,1,1,1,1,1,1,1,6,1,1,6,1,1,1,1,1,1,6,9,1,6,1,1,6
108,20107,71,49,CALIFOR,200,1,ISSA,1,1,6,6,1,6,6,1,1,6,6,1,1,1,1,1,6,1,6,6,6,6,6,6,6,1,6,1,1,1,1,1,1,6,1,1,6,1,1,1,6,1,9,6,1,1,6,1,1,6
108,29107,71,50,CALIFOR,200,1,CUNNINGHAM,1,1,6,6,1,6,6,1,1,6,6,1,1,1,1,1,6,1,6,6,6,6,6,6,6,1,1,1,1,1,1,1,1,6,1,1,6,1,1,1,1,1,1,6,1,1,6,1,1,6
108,29325,71,51,CALIFOR,100,1,FILNER,1,1,1,1,1,1,1,6,1,1,6,9,1,1,6,1,1,1,1,1,1,1,1,6,6,1,6,6,1,6,1,1,6,1,1,9,1,1,6,1,1,1,9,1,6,6,1,1,1,1
108,14835,71,52,CALIFOR,200,1,HUNTER,1,1,6,6,1,6,6,1,1,6,1,1,1,1,1,1,6,1,6,6,6,6,6,6,6,1,1,1,6,1,1,1,1,9,1,1,6,1,1,1,6,1,9,6,1,1,6,1,1,6
108,20108,71,53,CALIFOR,100,1,DAVIS,1,1,1,6,1,1,1,6,1,1,6,9,1,1,6,1,6,1,1,1,1,1,1,6,6,1,6,6,1,6,1,1,6,6,1,6,1,1,6,1,1,1,9,6,1,1,1,1,1,1
108,29710,62,1,COLORAD,100,1,DEGETTE,1,1,1,1,1,1,6,6,1,1,6,1,9,1,6,1,1,1,1,1,1,1,1,1,1,1,6,6,1,9,6,1,6,6,1,6,1,1,9,1,1,1,1,1,1,1,1,1,1,1
108,29906,62,2,COLORAD,100,1,UDALL,9,1,1,1,1,1,6,6,1,9,9,1,1,1,6,1,1,1,1,1,1,1,1,6,6,1,6,6,1,6,1,1,6,6,1,6,1,1,6,1,1,1,1,1,1,6,9,1,1,1
108,29326,62,3,COLORAD,200,1,MCINNIS,1,1,6,6,1,6,6,1,1,6,1,1,1,1,9,1,6,1,6,6,9,6,6,6,6,1,6,1,1,1,9,1,1,6,1,1,6,1,1,1,6,1,1,6,9,1,6,1,1,6
108,20311,62,4,COLORAD,200,1,MUSGRAVE,1,1,6,6,1,6,6,1,1,6,1,1,1,1,1,1,6,1,6,6,6,6,6,6,6,1,1,1,1,1,1,1,1,6,1,1,6,1,1,1,6,1,1,6,1,1,6,1,1,6
108,15419,62,5,COLORAD,200,1,HEFLEY,1,1,6,6,1,6,6,1,1,6,1,1,1,1,1,1,6,1,6,6,6,6,6,6,6,1,1,6,1,1,1,1,1,6,1,1,6,1,1,1,6,1,1,6,1,6,6,1,1,6
108,29907,62,6,COLORAD,200,1,TANCREDO,1,1,6,6,1,1,1,1,1,6,1,1,1,1,1,1,6,1,1,6,6,6,6,6,6,1,1,1,1,1,1,1,6,6,1,1,6,1,9,1,6,1,9,6,1,1,6,1,1,6
108,20312,62,7,COLORAD,200,1,BEAUPREZ,1,1,6,6,1,6,6,1,1,6,6,1,1,1,1,1,6,1,6,6,6,6,6,9,9,1,1,1,1,1,1,1,1,6,1,1,6,1,1,1,6,1,1,6,1,1,6,1,1,6
108,29908,1,1,CONNECT,100,1,LARSON,1,9,1,1,1,1,1,6,1,1,6,1,1,1,6,1,1,1,1,1,1,1,1,6,6,1,6,6,1,6,6,1,6,6,1,6,1,1,6,1,1,1,1,1,1,1,1,1,1,1
108,20109,1,2,CONNECT,200,1,SIMMONS,1,1,6,6,1,6,6,1,1,6,6,1,1,1,1,1,6,1,6,6,6,6,1,6,6,1,6,6,1,1,1,1,1,6,1,1,6,1,1,1,1,1,1,6,1,1,6,1,1,6
108,29109,1,3,CONNECT,100,1,DELAURO,1,1,1,1,1,1,6,6,1,1,6,1,1,1,6,1,1,1,1,1,1,1,1,6,6,1,6,6,1,6,6,1,6,6,1,6,1,1,6,1,1,1,1,6,1,1,1,1,1,1
108,15449,1,4,CONNECT,200,1,SHAYS,1,1,6,6,1,6,1,1,1,6,1,1,1,9,1,1,6,1,6,6,6,6,1,1,1,1,6,1,1,1,1,1,1,6,1,1,6,1,1,1,1,1,9,6,1,1,6,1,1,6
108,15028,1,5,CONNECT,200,1,JOHNSON,1,1,6,6,1,1,6,1,1,6,6,1,1,1,1,1,6,1,6,6,6,6,6,1,1,1,6,1,1,1,1,1,1,6,1,1,9,1,1,1,1,1,1,6,9,1,6,1,1,6
108,29327,11,1,DELAWAR,200,1,CASTLE,1,1,6,6,1,1,6,1,1,1,6,9,1,1,1,1,6,1,1,6,1,6,1,1,1,1,6,1,9,1,1,1,1,6,1,1,6,1,1,1,1,1,1,6,1,1,6,1,1,6
108,20110,43,1,FLORIDA,200,1,MILLER,6,1,6,6,1,6,6,1,1,6,1,1,1,9,1,1,6,1,9,6,9,6,6,6,6,1,1,1,1,1,1,1,1,6,1,1,6,9,1,1,1,1,1,6,1,1,9,1,1,6
108,29713,43,2,FLORIDA,100,1,BOYD,1,1,1,6,1,1,6,6,1,1,6,1,1,1,6,1,6,1,1,1,1,6,6,6,6,1,6,6,1,6,6,1,6,6,1,6,6,1,6,1,1,1,1,6,1,1,6,1,1,6
108,29328,43,3,FLORIDA,100,1,BROWN,1,1,1,1,1,1,1,6,1,1,6,1,1,9,6,9,1,1,1,1,1,1,1,1,1,1,6,6,1,6,1,1,6,6,1,6,1,1,6,1,1,1,1,1,1,1,1,1,1,1
108,20111,43,4,FLORIDA,200,1,CRENSHAW,1,1,6,6,1,6,6,1,1,6,6,1,1,1,1,1,6,1,6,6,6,6,6,6,6,1,6,1,1,1,1,1,1,6,1,1,6,1,1,1,1,1,1,6,1,1,6,1,1,6
108,20313,43,5,FLORIDA,200,1,BROWN-WAITE,1,1,6,6,1,6,6,1,1,6,9,1,1,1,1,1,6,1,6,6,6,6,6,1,1,1,1,1,1,1,1,1,1,6,1,1,6,1,1,1,1,1,1,6,1,1,6,1,1,6
108,15627,43,6,FLORIDA,200,1,STEARNS,1,1,6,6,1,6,6,1,1,6,1,1,1,1,1,1,6,1,9,6,6,6,6,6,6,1,1,1,1,1,1,1,1,6,1,1,6,1,1,1,1,1,1,6,1,1,6,1,1,6
108,29331,43,7,FLORIDA,200,1,MICA,1,1,6,6,1,6,6,1,1,6,1,1,1,1,1,1,6,1,6,6,9,6,6,6,6,1,6,1,1,1,1,1,1,6,1,1,6,1,9,1,6,1,1,6,1,1,6,1,1,6
108,20112,43,8,FLORIDA,200,1,KELLER,1,1,6,6,1,6,6,1,1,6,6,1,1,1,1,1,6,1,6,6,6,6,6,6,6,1,6,1,1,1,1,1,1,6,1,1,6,1,1,1,1,1,1,6,1,1,6,1,9,6
108,15006,43,9,FLORIDA,200,1,BILIRAKIS,1,1,6,6,1,6,6,1,1,6,6,1,1,9,1,1,6,1,6,6,6,6,6,6,6,1,1,1,1,1,1,1,1,6,1,1,6,1,1,1,1,1,1,6,1,1,6,1,1,6
108,13047,43,10,FLORIDA,200,1,YOUNG,1,1,6,6,1,6,6,1,1,6,6,1,1,1,1,1,6,1,6,6,6,6,6,6,6,1,6,1,9,1,1,1,1,6,1,1,6,1,1,1,1,1,1,6,1,1,6,1,1,6
108,29714,43,11,FLORIDA,100,1,DAVIS,1,1,1,1,1,1,6,6,1,1,6,1,9,1,6,1,1,1,1,1,1,6,1,1,1,1,6,6,1,6,6,1,6,6,1,6,1,1,9,1,1,1,1,6,1,1,6,1,1,6
108,20113,43,12,FLORIDA,200,1,PUTNAM,1,1,6,9,1,6,6,1,1,6,1,1,1,1,1,1,9,1,6,9,6,6,6,6,6,1,6,1,1,1,1,1,1,6,1,1,6,1,1,1,1,1,1,6,1,1,6,1,1,6
108,20314,43,13,FLORIDA,200,1,HARRIS,1,1,6,6,1,6,6,1,1,6,6,1,1,1,1,1,6,1,6,6,6,6,6,1,1,1,6,1,1,1,1,1,1,6,1,1,6,1,1,1,1,1,1,6,1,1,6,1,1,6
108,15605,43,14,FLORIDA,200,1,GOSS,1,1,6,6,1,1,6,1,1,6,6,1,1,1,1,1,6,1,6,6,6,6,6,6,6,1,6,1,1,1,1,1,1,6,1,1,6,1,1,1,1,1,1,6,1,1,9,0,1,6
108,29509,43,15,FLORIDA,200,1,WELDON,1,1,6,6,1,6,6,1,1,6,1,1,1,1,1,1,6,1,6,6,6,6,6,6,6,1,6,1,1,1,1,1,1,6,1,1,6,1,1,1,1,1,1,6,1,1,6,1,1,6
108,29510,43,16,FLORIDA,200,1,FOLEY,1,1,6,6,1,6,6,1,1,6,6,1,1,1,1,1,6,1,6,6,9,6,6,6,6,1,6,1,1,1,1,1,1,6,1,1,6,1,1,1,1,1,1,6,1,1,6,1,1,6
108,20358,43,17,FLORIDA,100,1,MEEK,1,1,1,1,1,1,6,1,1,1,6,1,1,1,6,1,1,1,1,9,1,1,1,6,6,1,6,6,6,6,6,1,6,6,1,6,1,1,6,1,1,9,9,1,1,1,1,1,1,1
108,15634,43,18,FLORIDA,200,1,ROS-LEHTINE,9,1,6,6,1,9,6,1,1,6,6,1,1,1,1,1,6,9,6,6,6,6,1,6,6,9,9,1,1,1,1,1,1,9,1,1,6,1,1,1,1,1,1,6,1,1,6,1,1,6
108,29715,43,19,FLORIDA,100,1,WEXLER,1,1,1,1,1,1,6,6,1,1,6,1,1,1,6,1,1,1,1,1,9,1,1,6,6,1,6,6,1,6,6,1,6,9,1,9,1,1,6,1,1,1,1,1,1,1,1,1,1,1
108,29335,43,20,FLORIDA,100,1,DEUTSCH,1,1,1,1,1,1,6,6,1,1,6,1,9,9,6,1,1,1,1,1,1,1,1,9,9,1,6,6,1,6,9,1,6,6,1,6,1,1,9,9,1,9,1,1,1,1,1,1,1,1
108,29336,43,21,FLORIDA,200,1,DIAZ-BALART,1,1,6,6,1,6,6,1,1,6,6,1,1,1,1,1,6,9,6,6,6,6,6,6,6,1,6,1,1,1,1,1,1,6,1,1,6,1,1,1,1,1,1,6,1,1,6,1,1,6
108,14860,43,22,FLORIDA,200,1,SHAW,1,1,6,6,1,6,6,1,1,6,6,1,1,1,1,1,6,1,6,6,9,6,1,6,6,1,6,1,1,1,1,1,1,6,1,1,6,1,1,1,1,1,1,6,1,1,6,1,1,6
108,29337,43,23,FLORIDA,100,1,HASTINGS,1,1,9,1,1,1,9,9,1,1,6,1,1,1,6,1,1,1,1,1,1,1,9,6,6,1,6,6,6,6,6,1,6,1,1,6,1,1,6,9,1,9,1,1,9,6,1,1,1,1
108,20315,43,24,FLORIDA,200,1,FEENEY,1,1,6,6,1,6,6,1,1,6,1,1,1,1,1,1,6,1,6,6,6,6,6,1,1,1,1,1,1,1,1,1,1,6,1,1,6,1,1,1,1,1,1,6,1,1,6,1,1,6
108,20316,43,25,FLORIDA,200,1,DIAZ-BALART,1,1,6,6,1,6,6,1,1,6,6,1,1,1,1,1,6,9,6,6,6,6,6,6,6,1,1,1,1,1,1,1,1,6,1,1,6,1,1,1,1,1,1,6,1,1,6,1,1,6
108,29338,44,1,GEORGIA,200,1,KINGSTON,1,1,6,6,1,6,6,1,1,6,1,1,1,1,1,1,6,1,6,6,6,6,9,1,1,1,6,1,1,1,1,1,1,6,1,1,6,1,1,1,6,1,1,6,1,1,6,9,1,6
108,29339,44,2,GEORGIA,100,1,BISHOP,1,1,1,1,1,6,6,1,1,1,6,1,1,1,6,1,1,1,1,1,9,1,6,6,6,1,6,6,1,6,1,1,6,6,1,6,1,1,6,1,6,1,1,6,1,1,1,1,1,1
108,20317,44,3,GEORGIA,100,1,MARSHALL,1,1,1,9,1,1,6,1,1,1,6,1,1,1,6,1,9,1,1,9,1,6,6,6,6,1,6,6,1,6,1,1,6,6,1,6,1,1,6,1,9,1,1,6,1,1,1,1,1,6
108,20318,44,4,GEORGIA,100,1,MAJETTE,1,1,1,1,9,1,6,6,1,1,6,1,1,1,6,1,1,1,1,9,1,1,1,6,6,1,6,6,1,6,6,1,6,6,1,6,1,1,6,1,1,1,1,1,9,1,1,1,1,1
108,15431,44,5,GEORGIA,100,1,LEWIS,1,1,1,1,1,1,6,6,1,1,6,1,1,1,6,1,1,1,1,1,1,1,1,6,6,1,6,6,6,6,6,1,6,1,1,6,1,1,6,1,1,1,1,1,6,6,1,1,1,1
108,29909,44,6,GEORGIA,200,1,ISAKSON,1,1,6,6,1,6,9,1,1,6,1,1,1,1,1,1,6,1,6,6,6,6,9,1,1,1,1,1,1,1,1,1,1,6,1,1,6,1,1,1,6,1,1,6,1,1,6,1,9,6
108,29341,44,7,GEORGIA,200,1,LINDER,1,1,6,6,1,6,6,1,1,6,6,1,1,1,1,1,6,1,6,6,6,6,6,1,1,1,1,1,1,1,1,1,1,6,1,1,6,1,1,1,6,1,1,6,1,1,6,1,1,6
108,29340,44,8,GEORGIA,200,1,COLLINS,1,1,6,6,9,6,9,1,1,6,1,1,1,1,1,1,6,1,6,6,6,6,6,1,1,1,1,1,1,1,1,1,1,6,1,1,6,1,1,1,6,1,1,6,1,1,6,1,9,6
108,29513,44,9,GEORGIA,200,1,NORWOOD,1,1,6,6,1,6,6,6,1,6,1,1,1,1,1,1,6,1,6,6,6,6,6,9,9,1,1,1,1,1,9,1,1,6,1,1,6,1,1,1,6,1,9,6,1,1,6,9,1,6
108,99342,44,10,GEORGIA,200,1,DEAL,1,1,6,6,1,6,6,1,1,6,1,1,1,1,1,1,6,1,6,6,6,6,6,1,1,1,1,1,1,1,1,1,1,6,1,1,6,9,1,1,6,1,1,6,1,1,6,1,1,6
108,20319,44,11,GEORGIA,200,1,GINGREY,1,1,6,6,1,6,6,1,1,6,1,1,1,1,1,1,6,1,6,6,6,6,6,6,6,1,6,1,1,1,1,1,1,6,1,1,6,1,1,1,6,1,1,6,1,1,6,1,1,6
108,20320,44,12,GEORGIA,200,1,BURNS,1,1,6,6,1,6,6,1,1,6,1,1,1,1,1,1,6,1,6,6,6,6,6,6,6,1,6,1,1,1,1,1,1,6,1,1,6,1,1,1,6,1,1,6,1,1,6,1,1,6
108,20321,44,13,GEORGIA,100,1,SCOTT,1,1,1,1,1,1,1,6,1,1,6,1,1,1,6,1,1,1,1,1,1,1,6,6,6,1,6,6,1,6,1,1,6,6,1,6,6,1,6,1,1,1,1,1,1,1,6,1,1,1
108,15245,82,1,HAWAII,100,1,ABERCROMBIE,1,1,1,1,1,1,6,6,1,1,6,1,1,1,6,1,1,1,1,1,1,1,6,6,6,1,6,6,1,6,6,1,6,6,1,6,1,1,6,1,1,1,1,1,1,1,1,1,1,1
108,20322,82,2,HAWAII,100,22,CASE,1,1,6,6,1,1,6,1,1,1,6,1,1,1,6,1,6,1,1,1,1,1,1,1,1,1,6,6,1,6,6,1,6,6,1,6,1,1,6,1,1,1,1,1,1,1,1,1,1,1
108,20114,63,1,IDAHO,200,1,OTTER,1,1,6,6,1,6,6,1,1,6,1,1,1,1,1,1,6,1,6,1,6,6,6,1,1,1,1,1,1,1,1,1,1,6,1,1,6,1,1,1,6,1,1,6,1,6,6,1,1,6
108,29910,63,2,IDAHO,200,1,SIMPSON,1,1,6,6,1,6,6,1,1,6,6,1,1,1,1,1,6,1,6,6,6,6,6,1,1,9,6,1,1,1,1,1,1,6,1,1,6,1,1,1,6,1,1,6,1,1,6,1,1,6
108,29346,21,1,ILLINOI,100,1,RUSH,1,1,1,1,1,1,1,1,7,1,6,1,1,1,6,1,1,1,9,1,1,1,1,1,1,1,6,6,1,6,9,1,6,1,1,9,1,9,6,1,1,1,1,1,1,1,1,1,1,1
108,29585,21,2,ILLINOI,100,1,JACKSON,1,1,1,1,1,1,1,6,7,1,6,1,1,1,6,1,1,1,1,1,1,1,1,6,6,1,6,6,6,6,6,1,6,1,1,6,1,1,6,1,1,1,1,1,6,1,1,1,1,1
108,15036,21,3,ILLINOI,100,1,LIPINSKI,1,1,1,6,1,1,9,1,1,9,6,1,1,9,6,1,6,1,1,6,1,0,9,6,6,9,6,6,1,6,9,1,6,6,1,6,1,1,6,1,1,1,9,6,9,1,6,1,1,0
108,29348,21,4,ILLINOI,100,1,GUTIÉRREZ,1,1,1,1,1,1,9,6,1,1,6,1,9,9,6,1,1,1,1,1,1,1,1,6,6,1,6,6,1,6,9,1,6,6,1,6,1,1,6,1,1,1,1,1,1,1,1,1,1,1
108,20323,21,5,ILLINOI,100,1,EMANUEL,1,1,1,1,1,1,9,6,1,1,6,1,1,1,6,1,1,1,1,1,1,1,1,6,6,1,6,6,1,6,6,1,6,6,1,6,1,1,6,1,1,1,1,6,1,1,1,1,1,1
108,14239,21,6,ILLINOI,200,1,HYDE,9,1,6,6,1,6,6,1,9,6,1,1,1,1,1,1,6,1,6,6,6,6,6,6,6,1,6,1,1,9,1,9,1,6,1,1,6,1,1,1,6,1,1,6,1,9,6,1,1,6
108,29717,21,7,ILLINOI,100,1,DAVIS,1,1,1,1,1,1,1,1,1,9,6,1,1,1,6,1,1,1,1,1,1,1,1,1,1,1,6,6,1,6,6,1,6,6,1,6,1,1,6,1,1,1,1,1,1,1,9,1,1,1
108,12041,21,8,ILLINOI,200,1,CRANE,1,1,6,6,1,6,6,1,1,6,1,1,1,1,1,1,6,1,6,6,6,6,6,1,1,9,1,1,1,1,1,1,1,6,1,1,6,1,1,1,6,1,1,6,1,6,6,1,1,6
108,29911,21,9,ILLINOI,100,1,SCHAKOWSKY,1,1,1,1,1,1,9,6,1,1,6,1,1,1,6,1,1,1,1,1,1,1,1,6,6,1,6,6,6,6,6,1,6,1,1,6,1,1,6,1,1,1,1,6,6,1,1,1,1,1
108,20115,21,10,ILLINOI,200,1,KIRK,1,1,6,6,9,6,6,1,1,6,6,1,1,1,1,1,6,1,6,6,9,6,1,1,1,1,6,1,1,1,1,1,1,6,1,1,6,1,1,1,6,9,1,6,1,1,6,1,1,6
108,29516,21,11,ILLINOI,200,1,WELLER,1,1,6,6,1,6,6,1,1,6,6,1,1,1,1,9,6,1,6,6,6,6,6,1,1,1,6,1,1,1,1,1,1,6,1,1,6,1,1,1,1,1,1,6,1,6,6,1,1,6
108,15453,21,12,ILLINOI,100,1,COSTELLO,1,1,9,6,1,1,6,9,1,1,6,1,9,1,6,1,6,1,1,1,1,6,1,6,6,1,6,6,6,6,1,1,6,6,6,6,1,1,9,1,1,1,1,6,1,6,6,1,1,6
108,29912,21,13,ILLINOI,200,1,BIGGERT,1,1,6,6,1,6,6,1,1,6,6,1,1,1,1,1,6,1,6,6,6,6,1,1,1,1,6,1,1,1,1,1,1,6,1,1,6,1,1,1,6,1,1,6,1,1,6,1,1,6
108,15417,21,14,ILLINOI,200,1,HASTERT,9,9,9,6,9,9,9,1,9,9,9,9,9,9,9,9,6,9,9,9,9,9,9,9,9,9,9,1,9,9,9,9,9,9,9,9,9,9,9,9,9,9,9,9,1,9,9,9,9,9
108,20116,21,15,ILLINOI,200,1,JOHNSON,1,1,6,6,1,6,6,1,1,6,6,1,1,1,1,1,6,1,6,6,6,6,1,1,1,1,6,1,1,9,1,9,1,6,1,1,6,1,1,1,1,1,1,6,1,1,6,1,1,6
108,29349,21,16,ILLINOI,200,1,MANZULLO,9,1,6,6,1,6,6,1,1,6,1,1,1,1,1,1,6,1,6,6,9,6,6,6,6,1,6,1,1,1,1,1,1,6,1,1,6,1,1,1,6,1,1,6,1,1,6,1,1,6
108,15023,21,17,ILLINOI,100,1,EVANS,1,1,1,1,1,1,6,6,1,1,6,1,1,1,6,1,1,1,1,1,1,6,1,6,6,1,6,6,6,6,6,1,6,1,1,6,1,1,6,1,1,1,1,1,1,1,1,1,1,6
108,29517,21,18,ILLINOI,200,1,LAHOOD,1,1,6,6,1,6,6,1,1,6,6,1,1,1,1,1,6,1,6,6,6,6,6,6,6,1,6,1,1,1,1,1,1,6,1,1,6,1,1,1,1,1,1,6,1,1,6,1,1,6
108,29718,21,19,ILLINOI,200,1,SHIMKUS,1,1,6,6,1,6,1,1,1,6,1,1,1,1,1,1,6,1,6,6,6,6,6,6,6,1,1,1,1,1,1,1,1,6,1,1,6,1,1,1,6,1,1,6,1,1,6,1,1,6
108,15124,22,1,INDIANA,100,1,VISCLOSKY,1,1,1,6,1,1,6,6,1,1,6,1,1,1,6,1,6,1,1,1,1,1,1,6,6,1,6,6,6,6,6,1,6,6,1,6,1,1,6,1,6,1,1,6,1,6,1,1,1,1
108,20324,22,2,INDIANA,200,1,CHOCOLA,1,1,6,6,1,6,6,1,1,6,6,9,1,1,1,1,6,1,6,6,6,6,6,1,1,1,1,1,1,1,1,1,1,6,1,1,6,1,1,1,6,1,1,6,1,1,6,1,1,6
108,29519,22,3,INDIANA,200,1,SOUDER,1,1,6,9,1,6,6,1,1,6,6,1,1,1,1,1,9,1,6,9,6,6,6,6,6,1,6,1,1,1,1,1,1,6,1,1,6,1,1,1,9,1,1,6,1,1,6,1,1,6
108,29350,22,4,INDIANA,200,1,BUYER,9,1,6,6,1,6,6,1,1,6,1,1,1,1,1,1,6,1,6,6,6,6,6,6,6,1,1,1,1,1,1,1,1,6,1,1,6,1,1,9,6,1,1,6,9,1,6,1,1,6
108,15014,22,5,INDIANA,200,1,BURTON,1,9,6,6,1,6,6,1,1,6,1,1,1,9,1,1,6,1,6,6,6,6,6,6,6,1,1,1,1,1,1,1,1,6,1,9,6,1,1,1,6,1,1,6,9,1,6,1,1,6
108,20117,22,6,INDIANA,200,1,PENCE,1,1,6,6,1,6,6,1,1,9,1,9,1,1,1,1,6,1,6,6,6,6,6,1,1,1,1,1,9,1,1,1,1,6,1,1,6,1,1,1,6,1,1,6,1,1,6,1,1,6
108,29720,22,7,INDIANA,100,1,CARSON,9,1,9,1,9,1,1,9,1,1,6,1,1,9,6,1,1,9,1,1,1,1,1,6,6,1,6,6,6,6,6,1,6,1,1,6,1,1,6,9,1,9,9,1,6,1,1,1,1,1
108,29520,22,8,INDIANA,200,1,HOSTETTLER,1,1,6,6,1,6,6,1,1,6,1,1,1,1,1,1,6,6,6,1,6,6,6,6,6,1,1,6,1,1,1,1,1,6,1,1,6,1,1,1,6,1,1,6,1,1,6,1,1,6
108,29914,22,9,INDIANA,100,1,HILL,1,1,1,6,1,1,6,6,1,1,6,1,1,1,6,1,6,1,1,1,1,6,1,6,6,1,6,6,1,6,6,1,6,6,1,6,1,1,6,1,1,1,1,6,1,1,1,1,1,6
108,29118,31,1,IOWA,200,1,NUSSLE,1,1,6,6,1,1,6,1,1,6,6,1,1,1,1,1,6,1,6,6,6,6,6,1,1,1,6,1,1,1,1,1,1,6,1,1,6,1,1,1,6,1,1,6,1,6,6,1,1,6
108,14432,31,2,IOWA,200,1,LEACH,1,1,6,6,1,1,6,1,1,1,6,1,1,1,1,1,6,1,1,6,6,6,1,9,9,1,6,9,1,1,9,1,1,6,1,1,6,1,1,1,1,1,1,6,1,1,1,1,1,6
108,29721,31,3,IOWA,100,1,BOSWELL,1,1,1,1,1,1,6,6,1,1,6,1,1,1,6,1,1,1,1,1,1,6,6,1,1,1,6,6,1,6,1,1,6,6,1,6,1,1,6,1,1,1,1,6,1,1,1,1,1,6
108,29522,31,4,IOWA,200,1,LATHAM,1,1,6,6,1,6,6,1,1,6,6,1,1,1,1,1,6,1,6,6,6,6,6,1,1,1,6,1,1,1,1,1,1,6,1,1,6,1,1,1,6,1,1,6,1,1,6,1,1,6
108,20325,31,5,IOWA,200,1,KING,1,1,6,6,1,6,6,1,1,6,1,1,1,1,1,1,6,1,6,6,6,6,6,1,1,1,6,1,1,1,1,1,1,6,1,1,6,1,1,1,6,1,1,6,1,1,6,1,1,6
108,29722,32,1,KANSAS,200,1,MORAN,1,1,6,6,1,6,6,1,1,6,6,1,1,1,1,1,6,1,6,6,6,6,6,6,6,1,6,1,1,1,1,1,1,6,1,1,6,1,1,1,6,1,1,6,1,6,6,1,1,6
108,29723,32,2,KANSAS,200,1,RYUN,1,1,6,6,1,6,6,1,1,6,1,1,1,1,1,1,6,1,6,6,6,6,6,6,6,1,1,1,1,1,1,1,1,6,1,1,6,1,1,1,6,1,1,6,1,1,6,1,1,6
108,29915,32,3,KANSAS,100,1,MOORE,1,1,1,1,1,1,6,6,1,1,6,1,1,1,6,1,1,1,1,1,1,6,1,6,6,1,6,6,1,6,1,1,6,6,1,6,1,1,6,1,1,1,1,6,1,1,1,1,1,6
108,29524,32,4,KANSAS,200,1,TIAHRT,1,1,9,6,1,6,6,9,1,6,1,1,1,1,1,1,6,1,6,6,6,6,6,6,6,1,6,1,1,1,1,1,1,6,1,1,6,1,1,1,6,1,1,6,1,1,6,1,1,6
108,29525,51,1,KENTUCK,200,1,WHITFIELD,1,1,6,6,1,6,6,1,1,6,1,1,1,1,1,1,6,1,6,6,6,6,1,1,1,1,6,1,1,1,1,1,1,6,1,1,6,1,1,1,6,1,1,6,1,1,6,1,1,6
108,29352,51,2,KENTUCK,200,1,LEWIS,1,9,6,6,1,1,6,1,1,6,6,1,1,1,1,1,6,1,6,6,6,6,6,1,1,1,1,1,1,1,1,1,1,6,1,1,6,1,1,1,6,1,1,6,1,1,6,1,1,6
108,29725,51,3,KENTUCK,200,1,NORTHUP,9,1,6,6,1,6,6,1,1,6,6,1,1,1,1,1,6,1,6,6,6,6,6,1,1,1,6,1,1,1,1,1,1,6,1,1,6,1,1,1,6,1,9,6,1,1,6,1,1,6
108,29916,51,4,KENTUCK,100,1,LUCAS,1,1,1,1,1,1,6,1,1,1,6,1,1,1,6,1,1,1,1,1,1,6,1,1,1,1,6,6,1,1,1,1,6,6,1,6,6,1,6,1,6,1,1,6,1,1,6,1,1,6
108,14854,51,5,KENTUCK,200,1,ROGERS,1,1,6,6,1,6,6,1,1,6,1,1,1,1,1,1,6,1,6,6,6,6,6,1,1,1,6,1,1,1,1,1,1,6,1,1,6,1,1,1,6,1,9,6,1,1,6,1,1,6
108,20326,51,6,KENTUCK,100,22,CHANDLER,0,0,0,0,1,0,6,0,0,0,0,1,1,1,0,0,0,0,0,0,1,6,1,6,6,0,0,6,1,0,1,0,0,0,0,0,0,0,6,1,0,1,0,6,0,0,1,1,0,6
108,29917,51,6,KENTUCK,200,11,FLETCHER,1,1,6,6,0,9,0,1,1,6,6,0,0,0,1,9,6,1,6,6,0,0,0,0,0,9,6,0,0,1,0,1,1,6,1,9,6,1,0,0,9,0,9,0,9,1,0,0,9,0
108,29918,45,1,LOUISIA,200,1,VITTER,1,1,6,6,1,6,6,1,1,6,1,1,1,1,1,1,6,1,6,6,6,6,6,1,1,1,6,1,1,1,1,1,1,6,1,1,6,1,1,1,6,1,1,6,1,1,6,1,1,6
108,29120,45,2,LOUISIA,100,1,JEFFERSON,1,1,1,1,1,1,1,6,1,1,6,1,1,1,6,9,1,1,1,1,1,1,1,6,6,1,9,6,1,6,6,1,9,6,1,6,1,1,6,1,1,1,1,1,1,1,1,1,1,1
108,94679,45,3,LOUISIA,200,1,TAUZIN,1,1,6,6,1,6,6,1,1,6,6,1,9,1,1,1,6,1,6,6,9,9,6,9,9,1,6,9,1,1,9,1,1,6,1,1,6,9,9,9,6,9,1,9,1,1,9,9,1,9
108,15451,45,4,LOUISIA,200,1,MCCRERY,1,1,6,6,1,9,6,1,1,6,6,1,1,1,1,1,6,1,6,6,6,6,6,1,1,1,6,1,1,1,1,1,1,6,1,1,6,1,9,1,6,1,1,6,1,1,6,1,1,6
108,20327,45,5,LOUISIA,100,1,ALEXANDER,1,1,1,6,1,1,1,6,1,1,6,1,1,1,6,1,6,1,1,6,6,6,6,6,6,1,6,6,1,6,1,1,6,6,1,6,1,1,6,1,6,1,1,6,1,9,6,1,1,6
108,15401,45,6,LOUISIA,200,1,BAKER,1,1,6,6,1,6,9,1,1,6,1,1,1,1,1,1,6,1,6,6,6,6,6,1,1,1,6,1,1,1,1,1,1,6,1,1,6,1,1,1,6,1,1,6,1,1,6,1,1,6
108,29727,45,7,LOUISIA,100,1,JOHN,1,1,1,6,1,1,9,1,1,1,9,1,1,9,6,1,6,1,1,6,1,6,6,6,6,1,6,6,1,6,1,1,6,6,1,9,6,1,6,1,6,1,1,6,1,1,6,1,1,6
108,29728,2,1,MAINE,100,1,ALLEN,1,1,1,1,1,1,6,6,1,1,6,1,1,1,6,1,1,1,1,1,1,1,1,6,6,1,6,6,1,6,6,1,6,1,1,6,1,1,6,1,1,1,1,1,1,1,1,1,1,1
108,20328,2,2,MAINE,100,1,MICHAUD,1,1,1,1,1,1,6,6,1,1,6,1,1,1,6,1,1,1,1,1,1,6,1,6,6,1,6,6,1,6,1,1,6,6,1,6,1,1,6,1,1,1,1,6,1,1,1,1,1,6
108,29122,52,1,MARYLAN,200,1,GILCHREST,1,1,6,6,1,6,6,1,1,6,6,1,1,1,1,1,6,1,6,6,6,6,6,1,1,1,6,1,1,9,1,9,1,6,1,1,6,1,1,1,1,1,1,6,1,1,6,1,1,6
108,20329,52,2,MARYLAN,100,1,RUPPERSBERG,1,1,1,6,1,1,1,6,1,1,6,1,1,9,6,1,6,1,1,1,1,1,1,1,1,1,6,6,6,6,6,1,6,6,1,6,1,1,6,1,1,1,1,1,1,1,6,1,1,1
108,15408,52,3,MARYLAN,100,1,CARDIN,1,1,1,1,1,1,1,6,1,1,6,1,1,1,6,1,1,1,1,1,1,1,1,1,1,1,6,6,1,6,6,1,6,6,1,6,1,1,6,1,1,1,1,6,1,1,1,1,1,1
108,29355,52,4,MARYLAN,100,1,WYNN,1,1,1,1,1,1,6,1,7,1,6,1,1,1,6,1,1,1,1,1,1,1,1,6,6,1,6,6,6,6,1,1,6,6,1,6,1,1,6,1,1,1,1,1,1,1,1,1,1,1
108,14873,52,5,MARYLAN,100,1,HOYER,1,1,1,1,1,1,1,6,1,1,6,1,1,1,6,1,1,1,1,1,1,1,1,6,6,1,6,6,1,6,6,1,6,1,1,6,1,1,6,1,1,1,1,6,1,1,1,1,1,1
108,29356,52,6,MARYLAN,200,1,BARTLETT,1,1,6,6,1,1,6,1,1,6,1,1,1,1,1,1,6,1,6,1,6,6,6,6,6,1,1,1,6,1,1,1,1,6,1,1,6,1,1,1,6,1,1,6,1,1,6,1,1,6
108,29587,52,7,MARYLAN,100,1,CUMMINGS,6,1,1,1,1,1,6,6,1,1,6,1,1,1,6,1,1,1,1,1,1,1,1,6,6,1,6,6,6,6,6,1,6,6,1,6,1,1,6,1,1,1,1,1,1,1,1,1,1,1
108,20330,52,8,MARYLAN,100,1,VAN HOLLEN,1,1,1,6,1,1,1,6,1,1,6,1,1,1,6,1,6,1,1,1,1,1,1,1,1,1,6,6,1,6,6,1,6,9,1,6,1,1,6,1,1,1,1,1,1,1,1,1,1,1
108,29123,3,1,MASSACH,100,1,OLVER,1,1,1,1,1,1,6,6,1,1,6,1,1,1,6,1,1,1,1,1,1,1,1,6,6,1,6,6,1,6,6,1,6,1,1,6,1,1,6,1,1,1,1,6,6,6,1,1,1,1
108,15616,3,2,MASSACH,100,1,NEAL,1,1,9,1,1,1,1,9,1,1,6,1,1,9,6,1,1,1,1,1,1,1,1,6,6,1,6,6,1,6,6,1,6,6,1,6,1,1,6,1,9,1,1,1,1,1,1,9,1,1
108,29729,3,3,MASSACH,100,1,MCGOVERN,1,1,1,1,1,1,1,6,1,1,6,1,1,1,6,1,1,1,1,1,1,1,1,6,6,1,6,6,1,6,6,1,6,1,1,6,1,1,6,1,1,1,1,1,6,1,1,1,1,1
108,14824,3,4,MASSACH,100,1,FRANK,1,1,1,1,1,1,1,6,1,1,6,1,1,1,6,1,1,1,1,1,1,1,1,1,1,1,6,6,1,6,6,1,6,1,1,6,1,1,6,1,1,1,1,1,6,9,9,1,1,1
108,29358,3,5,MASSACH,100,1,MEEHAN,1,1,1,1,1,1,1,6,1,1,6,1,1,9,6,1,1,1,1,1,1,1,1,6,6,1,6,6,1,6,6,1,6,6,1,9,1,1,6,1,1,1,1,1,9,1,1,1,1,1
108,29730,3,6,MASSACH,100,1,TIERNEY,1,1,1,1,1,1,9,6,1,1,6,1,1,1,6,1,1,1,1,1,1,1,1,6,6,1,6,6,1,6,6,1,6,1,1,6,1,1,6,1,1,1,9,6,6,1,1,1,1,1
108,14435,3,7,MASSACH,100,1,MARKEY,1,1,1,1,1,1,1,6,1,9,6,1,1,1,6,1,1,1,1,1,1,1,1,6,6,1,6,6,1,6,6,1,6,1,1,6,9,1,6,1,1,1,1,1,6,1,1,1,1,1
108,29919,3,8,MASSACH,100,1,CAPUANO,1,1,1,1,1,1,1,6,1,1,6,1,1,1,6,1,1,1,1,1,1,1,1,6,6,1,1,6,1,6,6,1,6,1,1,6,1,1,6,1,1,1,1,1,6,6,1,1,1,1
108,20119,3,9,MASSACH,100,1,LYNCH,1,1,1,6,1,1,1,6,1,1,6,1,1,1,6,1,6,1,1,1,1,1,1,6,6,1,6,6,1,6,1,1,6,1,1,9,1,1,6,1,1,1,1,1,6,1,6,1,1,1
108,29731,3,10,MASSACH,100,1,DELAHUNT,1,1,1,1,1,1,1,6,1,1,6,1,1,1,6,1,1,1,1,1,1,1,1,6,6,1,6,9,1,6,6,1,6,6,1,6,1,1,6,1,1,1,1,6,1,1,1,1,1,1
108,29360,23,1,MICHIGA,100,1,STUPAK,1,1,1,1,1,6,6,6,9,1,6,1,1,1,6,1,1,1,1,1,1,1,6,6,6,1,6,6,1,6,1,1,6,9,6,6,1,1,6,1,1,1,1,6,1,9,1,1,1,1
108,29361,23,2,MICHIGA,200,1,HOEKSTRA,1,1,6,6,1,6,1,1,1,9,1,1,1,1,1,1,6,1,6,6,9,6,6,1,1,1,6,1,1,1,1,1,1,6,1,1,6,1,1,1,6,1,1,6,1,1,6,1,1,6
108,29362,23,3,MICHIGA,200,1,EHLERS,1,1,6,6,1,6,6,1,1,1,6,1,1,9,1,1,6,1,6,6,6,6,1,1,1,1,6,1,1,1,1,1,1,6,1,1,6,1,1,1,1,1,1,6,1,1,6,1,9,6
108,29124,23,4,MICHIGA,200,1,CAMP,1,1,6,6,1,6,6,1,1,6,6,1,1,1,1,1,6,1,6,6,6,6,6,1,1,1,6,1,1,1,1,1,1,6,1,1,6,1,1,1,6,1,1,6,1,1,6,1,1,6
108,14430,23,5,MICHIGA,100,1,KILDEE,1,1,1,1,1,1,6,6,1,1,6,1,1,1,6,1,1,1,1,1,1,1,1,6,6,1,6,6,1,6,6,1,6,6,1,6,1,1,6,1,1,1,1,1,1,1,1,1,1,1
108,15446,23,6,MICHIGA,200,1,UPTON,1,1,6,6,1,6,6,1,1,1,6,1,1,1,1,1,6,1,6,6,6,6,1,1,1,1,6,1,1,1,1,1,1,6,1,1,6,1,1,1,1,1,1,6,1,1,6,1,1,6
108,29364,23,7,MICHIGA,200,1,SMITH,1,1,6,6,1,6,6,1,1,6,1,9,1,1,1,1,6,1,6,6,6,6,9,6,6,1,1,1,1,1,1,1,1,6,1,1,6,1,1,1,6,1,1,6,1,1,6,1,1,6
108,20120,23,8,MICHIGA,200,1,ROGERS,1,1,6,6,1,6,6,1,1,6,6,1,1,1,1,1,6,1,6,6,6,6,6,1,1,1,1,1,1,1,1,1,1,6,1,1,6,1,1,1,6,1,1,6,1,1,6,1,1,6
108,29365,23,9,MICHIGA,200,1,KNOLLENBERG,1,1,6,6,1,6,6,1,1,6,6,1,1,1,1,1,6,1,6,6,6,6,9,1,1,1,6,1,1,1,1,1,1,6,1,1,6,1,1,1,6,1,1,6,1,1,6,1,1,6
108,20331,23,10,MICHIGA,200,1,MILLER,1,1,6,6,1,6,6,1,1,6,6,1,1,1,1,1,6,1,6,6,6,6,6,6,6,1,6,1,1,1,1,1,1,6,1,1,6,1,1,1,6,1,1,6,1,1,6,1,1,6
108,20332,23,11,MICHIGA,200,1,MCCOTTER,1,1,6,6,1,6,6,1,1,6,6,9,1,1,1,1,6,1,6,6,6,6,6,6,6,1,1,1,1,1,1,1,1,6,1,1,6,1,1,1,6,1,1,6,1,1,6,1,1,6
108,15033,23,12,MICHIGA,100,1,LEVIN,1,1,1,6,1,1,6,6,1,1,6,1,1,1,6,1,6,1,1,1,1,1,1,6,6,1,6,6,1,6,6,1,6,1,1,6,1,1,6,1,1,1,1,6,1,1,1,1,1,1
108,29733,23,13,MICHIGA,100,1,KILPATRICK,9,1,1,1,1,1,6,6,7,1,6,1,1,9,6,1,1,1,1,1,1,1,9,6,6,1,6,6,1,6,6,9,6,6,1,6,1,1,6,1,1,6,1,6,9,1,1,1,1,1
108,10713,23,14,MICHIGA,100,1,CONYERS,1,7,9,1,1,1,1,9,7,1,9,1,9,9,6,1,1,1,1,1,1,1,9,6,6,1,6,6,1,6,6,9,9,9,1,9,1,1,6,1,1,6,9,1,6,1,1,1,1,1
108,2605,23,15,MICHIGA,100,1,DINGELL,1,1,1,6,1,1,6,6,1,1,6,1,1,1,6,1,6,1,1,1,1,1,6,6,6,1,6,6,1,6,6,1,6,1,1,6,1,1,6,1,1,6,1,1,6,1,1,1,1,1
108,29532,33,1,MINNESO,200,1,GUTKNECHT,1,1,6,6,1,6,6,1,1,6,1,1,1,1,1,1,6,1,6,6,6,6,6,1,1,1,1,1,1,1,1,1,1,6,1,1,6,1,1,1,6,1,1,6,9,6,6,1,1,6
108,20333,33,2,MINNESO,200,1,KLINE,1,1,6,6,1,6,6,1,1,6,6,1,1,1,1,1,6,1,6,6,6,6,6,1,1,1,6,1,1,1,1,1,1,6,1,1,6,1,1,1,9,1,1,6,1,1,6,1,1,6
108,29126,33,3,MINNESO,200,1,RAMSTAD,1,1,6,6,1,1,6,1,1,6,1,1,1,1,1,1,6,1,6,6,6,6,1,1,1,1,1,1,1,1,1,1,1,6,1,1,6,1,1,1,1,1,1,6,1,6,6,1,1,6
108,20122,33,4,MINNESO,100,1,MCCOLLUM,1,1,1,1,1,1,6,6,1,1,6,1,1,1,6,1,1,1,1,1,1,1,1,1,1,1,6,6,1,6,6,1,6,6,1,6,1,1,6,1,1,1,1,6,1,1,1,1,1,1
108,14656,33,5,MINNESO,100,1,SABO,1,1,1,1,1,1,6,6,1,1,6,1,1,1,6,1,1,1,1,1,1,1,1,1,1,1,6,6,1,6,6,1,6,1,1,6,1,1,6,1,1,1,1,6,6,6,1,1,9,1
108,20121,33,6,MINNESO,200,1,KENNEDY,1,1,6,6,1,6,1,1,1,6,6,1,1,1,1,1,6,1,6,6,6,6,6,1,1,1,1,1,1,1,1,1,1,6,1,1,6,1,1,1,1,1,1,6,1,6,6,1,1,6
108,29127,33,7,MINNESO,100,1,PETERSON,1,1,1,6,1,1,6,1,1,1,6,1,1,1,6,1,6,1,6,1,1,6,6,6,6,1,6,6,1,6,1,1,6,6,1,6,6,1,6,1,1,1,1,6,1,6,6,1,1,6
108,14265,33,8,MINNESO,100,1,OBERSTAR,1,1,1,1,1,9,6,6,1,1,6,1,1,1,9,1,1,1,1,1,1,1,6,1,1,1,6,6,6,6,6,1,6,1,1,6,1,1,6,1,1,1,1,6,6,6,1,1,1,1
108,29534,46,1,MISSISS,200,1,WICKER,1,1,6,6,1,6,6,1,1,6,1,1,1,1,1,1,6,1,6,6,9,6,6,6,6,1,6,1,1,1,1,1,1,6,1,1,6,1,1,1,6,1,1,6,1,1,9,1,1,6
108,29368,46,2,MISSISS,100,1,THOMPSON,1,1,1,1,1,1,6,6,1,1,6,1,1,1,6,1,1,1,1,1,1,1,1,6,6,9,6,6,1,6,1,1,6,1,1,6,1,1,6,1,1,1,1,1,1,6,1,1,1,1
108,29734,46,3,MISSISS,200,1,PICKERING,1,9,6,6,1,6,6,1,1,9,6,1,1,1,1,1,6,1,6,6,6,6,6,6,6,1,6,1,1,1,1,1,1,6,1,1,6,1,1,1,6,1,9,6,1,1,6,1,1,6
108,15637,46,4,MISSISS,100,1,TAYLOR,1,1,1,6,1,1,6,1,1,1,6,1,1,1,6,1,6,1,1,1,1,6,1,6,6,1,1,6,1,6,6,1,6,1,1,6,6,1,6,1,6,1,1,6,1,6,6,1,1,6
108,20147,34,1,MISSOUR,100,1,CLAY,1,1,1,9,1,1,1,6,1,9,6,1,1,1,6,1,9,1,1,9,1,1,1,6,6,1,6,6,6,6,6,9,6,1,1,6,1,1,6,9,9,1,1,1,6,1,1,1,1,1
108,20123,34,2,MISSOUR,200,1,AKIN,1,1,6,6,1,6,6,1,1,6,1,1,1,1,1,1,6,1,6,6,6,9,6,1,1,1,1,1,1,1,1,1,1,6,1,1,6,1,1,1,6,1,1,6,1,1,6,1,1,9
108,14421,34,3,MISSOUR,100,1,GEPHARDT,9,9,9,9,9,9,1,9,1,9,9,1,1,9,9,9,9,9,9,9,9,1,1,6,6,9,9,6,1,9,1,9,9,9,9,9,9,9,6,9,9,9,9,1,9,9,9,9,9,1
108,14451,34,4,MISSOUR,100,1,SKELTON,1,1,1,6,1,1,6,1,1,1,9,1,1,1,6,1,6,1,1,6,1,6,1,6,6,1,6,6,1,6,1,1,6,6,1,6,1,1,6,1,6,1,1,6,1,1,1,1,1,6
108,29535,34,5,MISSOUR,100,1,MCCARTHY,1,1,1,1,1,1,1,1,9,1,6,1,1,1,9,1,1,1,1,1,1,1,1,6,6,1,6,6,1,6,9,1,6,6,1,6,1,1,6,1,1,1,1,1,1,1,1,1,1,1
108,20124,34,6,MISSOUR,200,1,GRAVES,1,1,6,6,1,6,6,1,1,6,1,1,1,9,1,1,6,1,6,6,6,6,6,1,1,1,1,1,1,1,1,1,1,6,1,1,6,1,1,1,6,1,1,6,1,1,6,1,1,6
108,29735,34,7,MISSOUR,200,1,BLUNT,1,1,6,6,1,6,6,1,1,6,6,1,1,1,1,1,6,1,6,6,6,6,6,1,1,1,6,1,1,1,9,1,1,6,1,1,6,9,1,1,6,1,1,6,1,1,6,1,1,6
108,29736,34,8,MISSOUR,200,1,EMERSON,1,1,6,6,1,6,6,1,1,9,1,1,9,1,1,1,6,1,6,6,6,6,6,6,6,1,6,1,1,1,1,1,1,6,1,1,6,1,9,1,6,1,1,6,9,1,6,1,1,6
108,29737,34,9,MISSOUR,200,1,HULSHOF,1,1,6,6,1,6,6,1,1,6,1,1,1,1,1,1,6,1,6,6,6,6,6,6,6,1,6,1,1,1,1,1,1,6,1,1,6,9,1,1,6,1,1,6,1,1,6,1,1,6
108,20125,64,1,MONTANA,200,1,REHBERG,1,1,6,6,1,6,6,1,1,6,1,1,1,1,1,1,6,1,6,6,6,6,6,6,6,1,6,1,1,1,1,1,1,6,1,1,6,1,1,1,6,1,1,6,1,1,6,1,1,6
108,14605,35,1,NEBRASK,200,1,BEREUTER,1,1,6,6,1,6,9,1,1,1,6,1,1,1,1,1,6,1,6,6,0,0,9,6,6,1,6,1,1,1,1,1,1,6,1,1,6,1,9,9,6,9,1,0,1,1,6,0,1,0
108,29921,35,2,NEBRASK,200,1,TERRY,1,1,6,6,1,6,6,1,1,6,6,1,1,1,1,1,6,1,6,6,6,6,1,1,1,1,1,1,1,1,1,1,1,6,1,1,6,1,1,1,6,1,1,6,1,9,6,1,1,6
108,20126,35,3,NEBRASK,200,1,OSBORNE,1,1,6,6,1,6,6,1,1,6,6,1,1,1,1,1,6,1,6,6,6,6,6,6,6,1,6,1,1,1,1,1,1,6,1,1,6,1,1,1,6,1,1,6,1,1,6,1,1,6
108,29922,65,1,NEVADA,100,1,BERKLEY,1,1,1,1,1,1,1,6,1,1,6,1,1,1,6,9,1,1,1,1,1,1,1,1,1,1,9,6,1,6,1,1,9,6,1,6,1,1,9,1,1,1,1,1,1,1,9,1,1,1
108,29739,65,2,NEVADA,200,1,GIBBONS,1,1,6,6,1,6,9,1,1,6,6,1,1,1,1,1,6,1,6,6,6,6,6,6,6,1,1,1,1,1,1,1,1,6,1,1,6,1,1,1,6,1,1,6,1,1,9,1,1,6
108,20334,65,3,NEVADA,200,1,PORTER,1,1,6,6,1,6,1,1,1,6,6,1,1,1,1,1,6,1,6,6,6,6,6,1,1,1,1,1,1,1,1,1,1,6,1,1,6,1,1,1,6,1,1,6,1,1,6,1,1,6
108,20335,4,1,NEW HAM,200,1,BRADLEY,1,1,6,6,1,6,6,1,1,6,6,1,1,1,1,1,6,1,6,6,6,6,1,6,6,1,6,1,1,1,1,1,1,6,1,1,6,1,1,1,1,1,1,6,1,1,6,1,1,6
108,29538,4,2,NEW HAM,200,1,BASS,1,1,6,6,9,6,6,1,1,6,6,1,1,1,1,1,6,1,6,6,6,6,1,6,6,1,1,1,1,1,1,1,1,6,1,1,6,1,1,1,6,1,1,6,1,1,6,1,1,6
108,29132,12,1,NEW JER,100,1,ANDREWS,1,1,1,6,1,1,6,6,1,1,6,1,1,1,6,1,6,1,1,1,1,1,1,1,1,1,6,6,1,6,6,1,6,1,1,6,1,1,6,1,1,1,9,1,1,1,1,1,9,1
108,29539,12,2,NEW JER,200,1,LOBIONDO,1,1,6,6,1,6,6,1,1,6,6,1,1,1,1,1,6,1,6,6,6,6,1,6,6,1,6,1,1,1,1,1,1,6,1,1,6,1,1,1,1,1,1,6,1,6,6,1,1,6
108,15112,12,3,NEW JER,200,1,SAXTON,1,1,6,6,1,6,6,1,1,6,6,1,1,1,1,1,6,1,6,6,6,6,1,6,6,1,6,1,1,1,1,1,1,6,1,1,6,1,1,1,9,1,1,6,1,1,6,1,1,6
108,14863,12,4,NEW JER,200,1,SMITH,1,1,9,6,1,1,6,9,1,6,6,1,1,1,1,1,6,1,6,6,6,6,1,6,6,1,6,6,1,1,1,1,1,6,1,1,6,1,1,1,1,1,1,6,1,1,6,1,1,6
108,20336,12,5,NEW JER,200,1,GARRETT,1,1,6,6,1,6,6,1,1,6,1,1,1,1,1,1,6,1,6,1,6,6,6,1,1,1,1,1,1,1,1,1,1,6,1,1,6,1,1,1,6,1,1,6,1,1,6,1,1,6
108,15454,12,6,NEW JER,100,1,PALLONE,1,1,1,1,1,1,1,6,1,1,6,1,1,9,6,1,1,1,1,1,1,1,1,6,6,1,6,6,1,6,6,1,6,1,1,6,1,1,6,1,1,1,9,1,1,1,1,1,1,1
108,20127,12,7,NEW JER,200,1,FERGUSON,1,1,6,6,1,6,1,1,1,6,6,1,1,1,1,9,6,1,6,6,6,6,1,6,6,1,9,1,1,1,9,1,1,6,1,1,6,9,9,1,1,1,1,6,1,1,6,1,1,6
108,29741,12,8,NEW JER,100,1,PASCRELL,1,1,1,1,1,1,1,6,1,1,6,1,1,9,6,1,1,1,1,1,1,1,1,6,6,1,6,6,1,6,6,1,6,6,6,6,1,1,6,1,1,1,1,6,1,1,1,1,1,1
108,29742,12,9,NEW JER,100,1,ROTHMAN,1,9,1,6,1,1,1,1,9,1,6,1,1,1,6,1,6,1,1,1,1,1,1,6,6,1,6,6,1,6,1,1,6,6,6,6,1,1,6,1,1,1,1,1,1,1,1,1,1,1
108,15619,12,10,NEW JER,100,1,PAYNE,1,1,1,1,1,1,1,6,9,1,6,1,1,9,6,1,1,1,1,1,1,1,1,6,6,1,6,6,1,6,6,1,6,6,1,6,9,1,6,1,1,0,1,1,6,1,1,1,1,1
108,29541,12,11,NEW JER,200,1,FRELINGHUYS,1,1,6,6,1,6,1,1,1,6,6,1,1,1,1,1,6,1,6,6,6,6,1,6,6,1,6,1,1,1,1,1,1,6,1,1,6,1,1,1,1,1,1,6,1,1,6,1,1,6
108,29923,12,12,NEW JER,100,1,HOLT,1,1,1,1,1,1,1,6,1,1,6,1,1,1,6,1,1,1,1,1,1,1,1,6,6,1,6,6,6,6,6,1,6,6,1,6,1,1,6,1,1,1,1,1,6,1,1,1,1,1
108,29373,12,13,NEW JER,100,1,MENENDEZ,1,1,1,1,1,1,9,6,1,1,6,1,1,1,6,1,1,1,1,1,1,1,1,6,6,1,6,6,9,6,9,1,6,6,6,6,1,1,6,1,1,1,1,1,1,1,6,1,1,1
108,29779,66,1,NEW MEX,200,1,WILSON,1,1,6,6,1,1,6,1,1,6,6,1,9,1,1,1,6,1,6,6,6,1,6,6,6,1,6,1,1,1,6,1,1,6,1,1,6,1,9,1,6,1,1,6,1,1,6,1,1,1
108,20337,66,2,NEW MEX,200,1,PEARCE,1,1,6,6,1,6,6,1,1,6,6,1,1,1,1,1,6,1,6,6,6,6,6,6,6,1,6,1,1,1,1,1,1,6,1,1,6,1,1,1,6,1,1,6,1,1,6,1,1,6
108,29924,66,3,NEW MEX,100,1,UDALL,1,1,1,1,1,1,6,6,1,1,6,1,1,1,6,1,1,1,1,1,1,1,1,6,6,1,6,6,1,6,6,1,6,6,1,6,1,1,6,1,1,1,1,1,1,6,1,1,1,1
108,20338,13,1,NEW YOR,100,1,BISHOP,1,1,1,1,1,1,1,6,1,1,6,1,1,1,6,1,1,1,1,1,1,1,1,6,6,1,6,6,1,6,1,1,6,6,1,6,1,1,6,1,1,1,1,1,1,1,1,1,9,1
108,20129,13,2,NEW YOR,100,1,ISRAEL,1,1,1,1,1,1,1,1,1,1,6,1,1,1,6,1,1,1,1,1,1,1,1,6,6,1,6,6,1,6,1,1,6,6,1,6,1,1,6,9,1,9,9,1,1,1,1,1,1,1
108,29375,13,3,NEW YOR,200,1,KING,1,1,6,6,1,6,1,1,1,6,6,1,1,1,1,1,6,1,6,6,6,6,6,6,6,1,6,1,1,1,1,1,1,6,1,1,6,1,1,1,6,1,1,6,1,1,6,1,1,6
108,29744,13,4,NEW YOR,100,1,MCCARTHY,1,1,1,1,1,1,1,6,1,1,6,1,9,1,6,1,1,1,1,1,1,1,1,6,6,1,6,6,1,6,1,1,6,6,1,6,1,1,6,1,1,1,1,1,1,1,1,1,1,1
108,15000,13,5,NEW YOR,100,1,ACKERMAN,1,1,1,1,1,1,1,6,1,9,6,1,1,1,6,1,1,1,1,1,1,1,1,6,6,1,6,6,1,6,6,1,6,6,1,6,9,1,6,1,1,1,9,1,9,1,1,1,1,1
108,29776,13,6,NEW YOR,100,1,MEEKS,1,1,1,1,1,1,1,6,1,1,6,1,1,1,6,1,1,1,1,1,1,1,1,6,6,1,6,6,1,6,1,1,6,6,1,6,1,1,6,1,1,1,1,1,1,1,1,1,1,1
108,29925,13,7,NEW YOR,100,1,CROWLEY,1,1,1,1,1,1,1,6,1,1,6,1,1,9,6,1,1,1,1,1,1,1,1,6,6,1,6,6,1,6,1,1,6,1,1,6,1,1,6,1,1,1,1,1,1,1,1,1,1,1
108,29377,13,8,NEW YOR,100,1,NADLER,1,1,1,1,1,1,1,6,1,9,6,1,9,9,6,1,1,1,1,1,1,1,1,6,6,1,6,6,1,6,6,1,6,6,1,9,1,1,6,1,1,1,1,1,1,1,1,1,1,1
108,29926,13,9,NEW YOR,100,1,WEINER,1,1,1,1,1,1,1,6,1,1,6,1,1,1,6,1,1,1,1,1,1,1,1,6,6,1,6,6,1,6,1,1,6,6,1,6,1,1,6,9,1,1,1,1,1,1,1,1,1,1
108,15072,13,10,NEW YOR,100,1,TOWNS,9,1,1,1,1,1,1,6,1,1,6,1,1,1,6,1,1,1,1,1,1,1,1,6,6,9,6,6,1,6,6,1,6,1,6,6,1,1,6,1,1,1,1,1,9,1,1,9,1,1
108,15050,13,11,NEW YOR,100,1,OWENS,1,7,1,1,1,1,1,6,1,1,6,1,1,1,6,1,1,1,1,1,1,1,1,6,6,1,6,6,1,6,9,1,9,1,1,6,1,1,6,1,1,1,1,1,6,9,1,1,1,1
108,29378,13,12,NEW YOR,100,1,VELÁZQUEZ,1,1,6,1,1,1,1,1,1,1,6,1,1,9,6,1,1,1,1,1,1,1,1,6,6,1,6,6,1,6,6,1,6,1,1,6,1,1,6,1,1,1,1,1,6,1,1,1,1,1
108,29773,13,13,NEW YOR,200,1,FOSSELLA,1,1,6,6,1,1,1,1,1,6,6,1,1,1,1,1,6,1,6,6,6,6,6,6,6,9,1,1,1,1,1,1,1,6,1,1,6,1,1,1,9,1,9,6,1,6,6,1,1,6
108,29379,13,14,NEW YOR,100,1,MALONEY,1,1,1,1,1,1,1,6,1,1,6,1,1,9,6,1,1,1,1,1,1,1,1,6,6,1,6,6,1,6,1,1,6,6,1,6,1,1,6,1,1,1,1,1,1,1,1,1,1,1
108,13035,13,15,NEW YOR,100,1,RANGEL,1,1,1,1,1,1,1,6,1,9,6,1,1,1,9,1,1,1,1,1,1,1,1,6,6,1,6,6,1,6,6,1,6,1,1,6,1,1,6,9,1,1,1,1,9,1,1,9,1,1
108,29134,13,16,NEW YOR,100,1,SERRANO,1,1,1,1,1,1,1,6,1,1,6,1,1,9,6,1,1,1,1,1,1,1,1,6,6,1,6,6,1,6,6,1,6,6,1,6,1,1,6,1,1,1,9,1,6,1,1,1,1,1
108,15603,13,17,NEW YOR,100,1,ENGEL,1,1,1,1,1,1,1,6,1,1,6,1,1,1,6,1,1,1,1,1,1,9,1,6,6,1,6,6,1,6,1,1,6,6,1,6,1,1,6,1,1,1,1,9,1,1,1,1,1,9
108,15612,13,18,NEW YOR,100,1,LOWEY,1,1,1,1,9,1,1,6,1,1,6,1,1,9,6,1,1,1,1,1,1,6,1,6,6,1,6,6,1,6,1,1,6,6,1,6,1,1,6,1,1,1,9,6,1,1,1,1,1,6
108,29544,13,19,NEW YOR,200,1,KELLY,1,1,6,6,1,6,1,1,1,6,6,1,1,1,1,1,6,1,6,6,6,6,1,1,1,1,6,1,1,1,1,1,1,6,1,1,6,1,1,1,1,1,1,6,1,1,6,1,1,6
108,29927,13,20,NEW YOR,200,1,SWEENEY,1,1,6,6,1,6,1,1,1,9,6,1,1,1,9,9,6,1,6,6,6,6,6,6,6,9,6,1,1,1,1,1,1,6,1,9,6,1,1,1,9,1,1,6,1,9,6,1,1,6
108,15614,13,21,NEW YOR,100,1,MCNULTY,1,1,1,1,1,1,1,9,1,1,6,1,1,1,6,1,1,1,1,1,1,1,1,6,6,1,6,6,1,6,1,1,6,1,1,6,1,1,6,1,1,1,9,1,1,6,1,1,1,1
108,29380,13,22,NEW YOR,100,1,HINCHEY,1,1,1,1,1,9,1,6,1,1,6,1,1,1,6,1,1,1,1,1,1,1,1,6,6,1,6,6,1,6,6,1,6,1,1,6,1,1,6,1,1,1,1,1,9,1,1,1,1,1
108,39316,13,23,NEW YOR,200,1,MCHUGH,1,1,6,6,1,1,1,1,1,6,6,1,1,1,1,1,6,1,6,6,6,6,6,1,1,1,6,1,1,1,1,1,1,6,1,1,6,1,1,1,9,1,1,6,1,1,6,1,1,6
108,15007,13,24,NEW YOR,200,1,BOEHLERT,1,1,6,6,1,6,9,1,1,6,6,1,1,1,1,1,6,1,6,6,6,6,6,6,6,9,6,1,1,1,1,1,1,6,1,1,6,1,1,1,1,1,1,6,1,1,6,9,1,6
108,15630,13,25,NEW YOR,200,1,WALSH,1,1,6,6,1,6,6,1,1,6,6,1,1,1,1,1,6,1,6,6,6,6,6,1,1,1,9,1,1,1,1,1,1,6,1,1,6,1,1,1,1,1,1,6,1,1,6,1,1,6
108,29928,13,26,NEW YOR,200,1,REYNOLDS,1,1,6,6,1,6,1,1,1,6,6,1,1,1,1,1,6,1,6,6,6,6,6,1,1,1,9,1,1,1,1,1,1,6,1,1,6,1,1,1,6,1,9,6,1,1,6,1,1,6
108,29381,13,27,NEW YOR,200,1,QUINN,1,1,6,6,9,6,9,1,1,6,6,1,1,1,1,1,6,1,6,6,6,6,6,6,6,1,9,1,1,1,1,1,1,6,1,1,6,1,1,1,1,1,1,6,9,1,6,1,1,6
108,15444,13,28,NEW YOR,100,1,SLAUGHTER,9,1,1,1,1,1,1,6,1,1,6,1,1,1,6,1,1,1,1,1,1,1,1,6,6,1,6,6,1,6,6,1,6,6,1,6,1,1,6,1,1,1,1,1,6,1,1,9,1,1
108,15423,13,29,NEW YOR,200,1,HOUGHTON,1,1,6,6,1,1,1,1,1,6,6,1,1,1,1,1,6,1,6,6,6,6,6,6,6,1,6,1,1,1,6,1,1,6,9,9,6,1,1,1,6,1,1,6,1,1,6,9,1,6
108,20339,47,1,NORTH C,100,11,BALLANCE,1,1,1,1,0,1,0,6,7,1,6,1,9,0,9,1,1,1,1,1,0,0,0,9,9,1,6,9,1,6,9,1,6,1,1,6,1,1,9,0,1,0,1,0,1,1,1,0,1,0
108,20340,47,1,NORTH C,100,22,BUTTERFIELD,0,0,0,0,1,0,0,0,0,0,0,0,0,0,0,0,0,0,0,0,1,1,0,0,0,0,0,0,0,0,0,0,0,0,0,0,0,0,0,0,0,0,0,1,0,0,0,1,0,1
108,29745,47,2,NORTH C,100,1,ETHERIDGE,1,1,1,1,1,1,6,6,1,1,6,1,1,1,6,1,1,1,1,1,1,1,1,6,6,1,6,6,1,6,1,1,6,9,1,6,1,1,6,1,1,1,1,6,1,1,1,1,1,1
108,29546,47,3,NORTH C,200,1,JONES,9,1,6,6,1,6,6,1,1,1,1,1,1,1,9,1,6,1,6,1,6,6,6,6,6,1,1,6,6,1,1,1,1,6,1,1,6,1,1,1,1,1,1,6,1,1,6,1,1,6
108,15438,47,4,NORTH C,100,1,PRICE,1,1,1,1,1,1,6,6,1,1,6,1,1,1,6,1,1,1,1,1,1,1,1,1,1,1,6,6,1,6,1,1,6,1,1,6,1,1,6,1,1,1,1,6,1,1,1,1,1,1
108,29548,47,5,NORTH C,200,1,BURR,1,1,6,6,1,6,6,1,1,6,6,1,1,9,1,1,6,1,6,6,6,6,6,6,6,1,6,1,1,1,9,1,1,6,1,9,6,1,1,1,1,1,1,6,9,9,6,1,1,6
108,15092,47,6,NORTH C,200,1,COBLE,6,1,6,6,1,6,6,1,1,6,1,1,1,1,1,1,6,1,6,6,6,6,6,1,1,1,1,1,1,1,1,1,1,6,1,1,6,1,1,1,6,1,1,6,1,1,6,1,1,6
108,29746,47,7,NORTH C,100,1,MCINTYRE,1,1,1,1,1,1,6,1,1,1,6,1,1,1,9,1,1,1,9,1,1,6,6,6,6,1,6,6,1,9,9,1,6,6,1,6,1,1,6,1,1,1,1,6,1,1,1,1,1,6
108,29929,47,8,NORTH C,200,1,HAYES,1,1,6,6,1,6,6,1,1,6,1,1,1,1,1,1,6,1,6,6,6,6,6,6,6,1,6,1,1,1,1,1,1,6,1,9,6,1,1,1,6,1,1,6,1,1,6,1,1,6
108,29549,47,9,NORTH C,200,1,MYRICK,1,1,6,6,1,6,6,1,1,6,1,1,1,1,1,1,6,1,6,6,6,6,6,1,1,1,1,1,1,1,1,1,9,6,1,1,6,1,1,1,6,1,1,6,1,1,6,1,1,6
108,15402,47,10,NORTH C,200,1,BALLENGER,1,1,6,6,1,6,9,1,1,6,6,1,1,1,1,1,6,1,6,6,6,9,6,1,1,1,6,1,9,1,1,1,1,6,1,1,6,9,9,1,6,1,1,9,1,1,6,1,1,9
108,29135,47,11,NORTH C,200,1,TAYLOR,1,1,6,6,1,6,6,1,1,6,1,1,1,9,1,1,6,1,6,6,6,6,6,1,1,1,9,1,1,1,1,1,1,6,1,9,6,1,1,1,6,1,9,6,1,1,6,1,1,6
108,29383,47,12,NORTH C,100,1,WATT,1,1,1,1,9,1,6,6,1,1,6,1,1,1,6,1,1,1,1,1,1,1,1,6,6,1,6,6,1,6,6,1,6,6,1,6,1,1,6,1,1,0,1,1,1,1,1,9,1,1
108,20341,47,13,NORTH C,100,1,MILLER,1,1,1,1,1,1,6,6,1,1,6,1,1,1,6,1,1,1,1,1,1,1,1,1,1,1,6,6,1,6,1,1,6,1,1,6,1,1,6,1,1,1,1,6,1,1,1,1,1,1
108,29384,36,1,NORTH D,100,1,POMEROY,1,1,1,6,1,1,6,6,1,1,6,1,1,1,6,1,6,1,1,1,1,6,6,6,6,1,6,6,1,6,1,1,6,6,1,6,1,1,6,1,6,1,9,6,1,1,6,1,1,6
108,29550,24,1,OHIO,200,1,CHABOT,1,1,6,6,1,6,1,1,1,6,1,1,1,1,1,1,6,1,6,6,6,6,6,1,1,1,1,1,1,1,1,1,1,6,1,1,6,1,1,1,1,1,1,6,1,1,6,1,1,6
108,29386,24,2,OHIO,200,1,PORTMAN,1,1,6,6,1,6,6,1,1,6,6,1,1,1,1,1,6,1,6,6,6,6,6,1,1,9,6,1,1,1,1,1,1,6,1,9,6,1,1,1,1,1,1,6,1,1,6,1,1,6
108,20342,24,3,OHIO,200,1,TURNER,1,1,6,6,1,6,6,1,1,6,6,1,1,1,1,1,6,1,6,6,6,6,6,6,6,9,6,1,1,1,1,1,1,6,1,1,6,1,1,1,9,1,1,6,1,1,6,1,1,6
108,14875,24,4,OHIO,200,1,OXLEY,1,1,6,6,1,6,6,1,1,6,6,1,1,1,1,1,6,1,6,6,6,6,9,1,1,1,6,1,1,1,1,1,9,6,1,1,6,1,1,1,6,1,9,6,1,9,6,1,1,6
108,15604,24,5,OHIO,200,1,GILLMOR,1,1,6,6,1,6,6,1,1,6,6,1,1,1,1,1,6,1,6,6,6,6,6,1,1,1,6,1,1,1,1,1,1,6,1,1,6,1,1,1,1,1,1,6,1,1,6,1,1,6
108,29747,24,6,OHIO,100,1,STRICKLAND,1,1,1,1,1,1,6,6,1,1,6,1,1,1,6,1,1,1,1,1,1,6,1,6,6,1,6,6,6,6,6,1,6,6,1,6,1,1,9,1,1,1,1,6,1,6,1,1,1,6
108,29136,24,7,OHIO,200,1,HOBSON,1,1,6,6,1,6,6,1,1,6,6,1,1,1,1,1,6,1,6,6,6,6,6,6,6,1,6,1,1,1,1,1,1,6,1,1,6,1,1,1,6,1,1,6,1,1,6,1,1,6
108,29137,24,8,OHIO,200,1,BOEHNER,1,1,6,6,1,6,9,1,1,6,6,1,1,1,1,1,6,1,6,6,6,6,6,1,1,1,6,1,1,1,1,1,1,6,1,1,6,1,1,1,6,1,1,6,1,1,6,1,1,6
108,15029,24,9,OHIO,100,1,KAPTUR,1,1,1,1,1,1,6,6,1,1,6,1,1,1,6,1,1,1,1,1,1,1,1,6,6,1,6,6,6,6,6,1,6,6,1,6,1,1,6,1,1,1,1,1,1,1,1,1,1,1
108,29748,24,10,OHIO,100,1,KUCINICH,1,7,1,1,9,1,6,6,1,1,6,9,1,1,6,1,1,1,1,1,1,6,1,1,1,1,6,6,9,6,6,1,6,1,1,9,1,1,6,1,9,6,9,6,9,6,9,1,1,6
108,29930,24,11,OHIO,100,1,JONES,1,9,1,9,1,1,1,6,1,1,6,1,1,1,6,1,9,1,1,9,1,1,1,6,6,1,6,6,1,6,6,1,6,1,1,6,1,1,9,1,9,1,1,9,9,1,1,9,1,1
108,20130,24,12,OHIO,200,1,TIBERI,1,1,6,6,1,6,6,1,1,6,6,1,1,1,1,1,6,1,6,6,6,6,1,6,6,1,6,1,1,1,1,1,1,6,1,1,6,9,1,1,6,1,1,6,1,1,6,1,1,6
108,29389,24,13,OHIO,100,1,BROWN,1,1,1,1,1,1,6,6,1,1,6,1,1,1,6,1,1,1,1,1,1,1,1,6,6,1,6,6,6,6,6,1,6,1,1,6,1,1,6,1,1,1,1,1,9,1,1,1,1,1
108,29553,24,14,OHIO,200,1,LATOURETTE,1,1,6,6,1,6,6,1,1,6,6,1,1,1,1,1,6,1,6,6,6,6,6,6,6,1,6,1,1,1,1,1,1,6,1,1,6,1,1,1,6,1,9,6,1,1,6,1,1,6
108,29390,24,15,OHIO,200,1,PRYCE,1,1,6,6,1,6,6,1,1,6,6,1,1,1,1,1,6,1,6,6,6,6,1,6,6,1,6,1,1,1,1,1,1,6,1,1,6,1,1,1,6,1,1,6,1,1,6,1,1,6
108,14045,24,16,OHIO,200,1,REGULA,1,1,6,6,1,6,6,1,1,6,6,1,1,1,1,1,6,1,6,6,6,6,6,6,6,1,6,1,1,1,1,1,1,6,1,9,6,1,1,1,6,1,1,6,1,1,6,1,1,6
108,20343,24,17,OHIO,100,1,RYAN,1,1,1,1,1,1,6,6,1,1,6,1,1,1,6,1,1,1,1,1,1,9,1,6,6,1,6,6,1,6,1,1,6,1,1,6,1,1,6,1,1,1,1,9,1,1,6,1,1,9
108,29552,24,18,OHIO,200,1,NEY,1,1,9,6,1,6,6,1,1,6,6,1,1,1,1,1,6,1,6,6,6,6,6,6,6,1,6,1,1,1,1,1,1,6,1,1,6,1,1,1,6,1,1,6,1,1,6,1,1,6
108,20131,53,1,OKLAHOM,200,1,SULLIVAN,1,1,6,6,1,9,6,1,1,6,1,1,1,1,1,1,6,1,6,6,6,6,6,6,6,1,6,1,9,1,1,1,1,6,9,9,6,1,1,1,6,1,9,6,1,1,6,1,9,6
108,20132,53,2,OKLAHOM,100,1,CARSON,1,9,1,6,1,1,1,1,1,1,6,1,9,9,6,1,6,1,1,1,1,6,6,9,9,1,6,6,9,6,1,1,6,6,1,9,1,1,9,1,6,1,1,6,1,1,1,1,1,6
108,29393,53,3,OKLAHOM,200,1,LUCAS,1,1,6,6,1,6,6,1,9,6,1,1,1,1,1,1,6,1,6,6,6,6,6,6,6,1,6,1,9,1,1,9,1,9,1,1,6,1,1,1,6,1,1,6,1,1,6,1,1,6
108,20344,53,4,OKLAHOM,200,1,COLE,1,1,6,6,1,6,6,1,1,6,6,1,1,1,1,1,6,1,6,6,6,6,6,6,6,1,6,1,9,1,1,1,1,6,1,1,6,1,1,1,6,1,1,6,1,1,6,1,1,6
108,29392,53,5,OKLAHOM,200,1,ISTOOK,1,1,6,6,1,6,6,1,1,6,1,1,1,1,1,1,6,1,6,6,6,6,6,1,1,1,6,1,9,1,1,1,1,6,9,1,6,1,1,1,6,1,1,6,1,9,6,1,1,6
108,29931,72,1,OREGON,100,1,WU,1,1,1,1,1,1,6,6,1,1,6,1,1,1,6,1,1,1,1,1,1,1,1,6,6,1,6,6,1,6,1,1,6,6,1,6,1,1,6,1,1,1,1,1,9,6,1,1,1,1
108,29932,72,2,OREGON,200,1,WALDEN,1,1,6,6,1,1,6,1,1,6,6,1,1,1,9,1,6,1,6,6,6,6,6,1,1,1,6,1,1,1,1,1,1,6,1,1,6,1,1,1,6,1,1,6,1,1,6,1,1,6
108,29588,72,3,OREGON,100,1,BLUMENAUER,1,1,1,1,1,1,1,6,1,1,6,1,1,1,6,1,1,1,1,1,1,1,1,1,1,1,6,6,1,6,6,1,6,6,1,6,1,1,6,1,1,1,1,6,6,1,1,1,1,1
108,15410,72,4,OREGON,100,1,DEFAZIO,1,1,1,1,1,1,6,6,1,1,6,1,1,1,6,1,1,1,1,1,1,1,1,1,1,1,6,6,1,6,1,1,6,6,6,6,1,1,6,1,1,1,1,1,1,6,1,1,1,1
108,29750,72,5,OREGON,100,1,HOOLEY,1,1,1,1,1,1,6,6,1,1,6,9,1,1,6,1,1,1,1,1,1,6,1,6,6,1,6,6,9,6,1,1,6,6,1,6,1,1,6,1,1,1,1,6,1,1,1,1,1,6
108,29777,14,1,PENNSYL,100,1,BRADY,1,1,1,1,1,1,1,6,1,1,6,1,1,1,6,1,1,1,1,1,1,1,1,6,6,1,6,6,1,6,6,1,6,6,1,6,1,1,6,1,1,1,9,1,1,6,1,1,1,1
108,29559,14,2,PENNSYL,100,1,FATTAH,1,1,1,1,1,1,1,6,1,1,6,1,1,9,6,1,1,1,1,1,1,1,1,9,9,9,6,6,1,6,6,1,6,6,1,6,1,1,6,1,1,1,9,1,9,1,1,1,1,1
108,29563,14,3,PENNSYL,200,1,ENGLISH,1,1,6,6,1,1,6,1,1,6,6,1,1,1,1,1,6,1,6,6,6,6,1,1,1,1,6,1,1,1,1,1,1,6,1,1,6,1,1,1,6,1,9,6,1,6,6,1,1,6
108,20133,14,4,PENNSYL,200,1,HART,1,1,6,6,1,6,6,1,1,6,6,1,1,1,1,1,6,1,6,6,9,6,6,6,6,1,6,1,1,1,1,1,1,6,1,1,6,1,9,1,6,1,1,6,1,1,6,1,1,6
108,29751,14,5,PENNSYL,200,1,PETERSON,1,9,6,6,1,6,6,1,1,6,1,1,1,9,1,1,6,1,6,6,6,6,6,1,1,1,6,1,1,1,1,1,1,6,1,1,6,1,1,1,6,1,1,6,1,1,6,1,1,6
108,20345,14,6,PENNSYL,200,1,GERLACH,1,1,6,6,1,6,9,1,1,6,6,1,1,1,1,1,6,1,6,6,6,6,1,6,6,1,6,6,1,1,1,1,1,6,1,1,6,1,1,1,6,1,1,6,1,1,6,1,1,6
108,15447,14,7,PENNSYL,200,1,WELDON,1,1,6,6,1,6,6,1,1,6,9,9,1,1,9,1,6,9,6,6,6,6,1,1,1,1,6,1,9,1,1,9,1,6,1,1,6,1,1,1,1,9,1,6,1,1,6,1,1,6
108,29397,14,8,PENNSYL,200,1,GREENWOOD,1,1,6,6,9,6,6,1,1,6,6,1,1,1,1,1,6,1,6,9,9,1,1,1,1,9,6,1,1,1,1,1,1,6,1,1,6,1,1,1,6,1,1,6,1,1,6,1,1,1
108,20134,14,9,PENNSYL,200,1,SHUSTER,1,1,6,6,1,6,6,1,1,6,1,1,1,1,1,1,6,1,6,6,6,6,6,6,6,1,6,1,1,1,1,1,1,6,1,1,6,1,1,1,6,1,1,6,1,1,6,1,1,6
108,29933,14,10,PENNSYL,200,1,SHERWOOD,1,1,6,6,1,6,6,1,1,6,6,1,1,1,1,1,6,1,6,6,6,6,6,6,6,1,6,1,1,1,1,1,1,6,1,1,6,1,1,1,6,1,1,6,1,1,6,1,1,6
108,15104,14,11,PENNSYL,100,1,KANJORSKI,1,1,1,6,1,6,6,6,1,1,6,1,1,1,6,1,6,1,1,1,1,6,1,6,6,1,6,6,6,6,6,1,6,6,1,6,1,1,6,1,1,1,1,6,1,1,1,1,1,6
108,14072,14,12,PENNSYL,100,1,MURTHA,1,1,1,6,1,1,6,6,1,9,6,1,1,1,6,1,6,1,1,6,1,6,1,6,6,9,6,6,1,6,9,1,6,6,1,6,1,1,6,1,1,1,9,6,1,1,1,1,1,6
108,29934,14,13,PENNSYL,100,1,HOEFFEL,1,1,1,1,1,1,9,6,1,1,6,1,1,9,6,1,1,1,1,1,1,1,1,6,6,1,6,6,1,6,6,9,6,6,1,6,1,1,6,1,1,1,9,1,1,1,1,1,9,1
108,29561,14,14,PENNSYL,100,1,DOYLE,1,1,1,6,1,1,1,6,1,1,6,1,1,1,6,1,6,1,1,1,1,6,1,6,6,1,6,6,1,6,6,1,6,6,1,6,1,1,6,1,1,1,9,6,1,1,1,1,1,6
108,29935,14,15,PENNSYL,200,1,TOOMEY,1,1,6,6,1,6,6,1,1,6,1,9,1,9,1,1,6,1,6,6,6,6,6,1,1,1,1,1,9,1,1,1,1,6,1,1,6,1,1,1,6,1,1,6,1,1,6,1,9,6
108,29752,14,16,PENNSYL,200,1,PITTS,9,1,6,6,1,6,6,1,1,6,1,1,1,1,1,1,6,1,6,6,6,6,6,1,1,1,1,1,1,1,1,1,9,6,1,1,6,1,1,1,6,1,1,6,1,1,6,1,1,6
108,29396,14,17,PENNSYL,100,1,HOLDEN,1,1,1,6,1,6,6,6,1,1,6,1,1,1,6,1,6,1,1,1,1,6,6,6,6,1,6,6,1,6,1,1,6,6,1,6,6,1,6,1,1,1,1,6,1,1,6,1,1,6
108,20346,14,18,PENNSYL,200,1,MURPHY,1,1,6,6,1,1,6,1,1,6,6,1,1,1,1,1,6,1,6,6,9,6,6,6,6,1,6,1,1,1,1,1,1,6,1,1,6,1,1,1,6,1,1,6,1,1,6,1,1,6
108,20135,14,19,PENNSYL,200,1,PLATTS,1,1,6,6,1,6,6,1,1,6,1,1,1,1,1,1,6,1,9,6,6,6,1,6,6,1,6,1,1,1,1,1,1,6,1,1,6,9,1,1,1,1,1,6,1,1,6,1,1,6
108,29564,5,1,RHODE I,100,1,KENNEDY,1,1,1,1,1,1,6,6,1,1,6,1,1,1,6,1,1,1,1,1,1,1,1,6,6,1,6,6,1,6,6,1,6,6,1,6,1,1,6,1,1,1,1,1,1,1,1,1,1,1
108,20136,5,2,RHODE I,100,1,LANGEVIN,1,1,1,1,1,1,6,6,1,1,6,1,1,1,6,1,1,1,1,1,1,1,1,6,6,1,6,6,1,6,6,1,6,6,1,6,1,1,6,1,1,1,1,6,1,1,1,1,1,1
108,20137,48,1,SOUTH C,200,1,BROWN,1,9,6,6,1,6,6,1,1,6,6,1,1,1,1,1,6,1,6,6,6,6,6,1,1,1,6,1,1,1,1,1,1,6,1,1,6,1,1,1,6,1,1,6,1,1,6,1,1,6
108,20138,48,2,SOUTH C,200,1,WILSON,1,1,6,6,1,6,6,1,1,6,1,1,1,1,1,1,6,1,6,6,6,6,6,1,1,1,1,1,1,1,1,1,1,6,1,1,6,1,1,1,6,1,1,6,1,1,6,1,1,6
108,20347,48,3,SOUTH C,200,1,BARRETT,1,1,6,6,1,6,6,1,1,6,1,1,1,1,1,1,6,1,6,6,6,6,6,1,1,1,1,1,1,1,1,1,1,6,1,1,6,1,1,1,6,1,1,6,1,1,6,1,1,6
108,29936,48,4,SOUTH C,200,1,DEMINT,1,1,6,6,1,6,9,1,1,6,1,1,9,9,1,1,6,1,6,6,6,6,9,1,1,9,1,1,1,1,9,1,1,6,1,1,6,1,9,9,6,9,1,6,1,1,6,1,9,6
108,15064,48,5,SOUTH C,100,1,SPRATT,1,1,1,1,1,1,6,6,1,1,6,1,1,1,6,1,1,1,1,1,1,1,1,6,6,1,6,6,1,6,6,1,6,6,1,6,1,1,6,1,1,1,1,6,1,1,1,1,1,1
108,39301,48,6,SOUTH C,100,1,CLYBURN,1,1,1,1,1,1,6,6,1,1,6,1,1,1,6,1,1,1,1,1,1,1,1,6,6,1,6,6,1,6,6,1,6,6,6,6,1,1,6,1,1,1,1,6,1,1,1,1,1,1
108,20348,37,1,SOUTH D,200,11,JANKLOW,1,1,6,6,0,6,0,1,1,9,6,0,0,0,1,9,6,1,6,6,0,0,0,0,0,1,9,0,0,1,0,1,9,6,1,9,6,1,0,0,1,0,1,0,1,9,0,0,1,0
108,20349,37,1,SOUTH D,100,22,HERSETH SAN,0,0,0,0,1,0,6,0,0,0,0,0,0,1,0,0,0,0,0,0,1,6,6,0,0,0,0,0,0,0,0,0,0,0,0,0,0,0,0,1,0,1,0,6,0,0,0,1,0,6
108,29755,54,1,TENNESS,200,1,JENKINS,1,1,6,6,1,6,6,1,9,6,1,1,1,1,1,1,6,1,6,6,6,6,6,6,6,1,1,1,1,1,1,1,1,6,1,1,6,1,1,1,6,1,9,6,1,1,6,1,1,6
108,15455,54,2,TENNESS,200,1,DUNCAN,1,1,6,6,1,6,6,1,1,6,1,1,1,1,1,1,6,1,6,1,6,6,6,1,1,1,1,1,1,1,1,1,1,6,1,1,1,1,1,1,6,1,9,6,1,1,6,1,1,6
108,29567,54,3,TENNESS,200,1,WAMP,1,1,6,6,1,6,6,1,1,6,1,1,1,1,1,1,6,1,6,6,6,6,1,1,1,1,6,1,1,1,1,1,1,6,1,1,6,1,1,1,6,1,1,6,1,1,6,1,1,6
108,20350,54,4,TENNESS,100,1,DAVIS,1,1,1,6,1,1,6,1,1,1,6,1,1,1,6,1,6,1,1,1,1,6,1,6,6,1,9,6,1,6,1,1,6,6,1,6,1,9,6,1,1,1,1,6,1,1,6,1,1,6
108,15019,54,5,TENNESS,100,1,COOPER,1,1,1,6,1,9,1,1,1,1,6,1,1,1,6,1,6,1,1,1,1,1,6,1,1,1,6,6,1,6,6,1,6,1,1,6,1,1,6,1,1,1,1,1,1,1,6,1,1,1
108,15100,54,6,TENNESS,100,1,GORDON,1,1,1,1,1,6,6,6,9,1,6,1,9,1,6,1,1,1,1,1,1,6,1,1,1,1,6,6,1,6,1,1,6,6,1,6,1,1,6,1,1,1,1,6,1,1,6,1,1,6
108,20351,54,7,TENNESS,200,1,BLACKBURN,1,1,6,6,1,6,6,1,1,6,1,1,1,1,1,1,6,1,6,6,6,6,6,1,1,1,1,1,1,1,1,1,1,6,1,1,6,1,1,1,6,1,1,6,1,1,6,1,1,6
108,15628,54,8,TENNESS,100,1,TANNER,1,1,1,6,1,1,6,6,1,1,6,1,1,1,6,1,6,1,1,1,1,1,6,6,6,1,1,6,1,6,6,1,6,1,1,6,6,1,6,1,6,1,9,1,1,1,6,1,1,1
108,29756,54,9,TENNESS,100,1,FORD,1,1,1,1,1,1,1,6,1,1,6,1,1,9,6,1,1,1,1,1,1,1,1,6,6,1,6,6,1,6,1,1,6,1,1,6,1,1,6,1,1,1,1,1,1,1,6,1,1,1
108,29757,49,1,TEXAS,100,1,SANDLIN,1,1,1,6,1,1,1,6,1,1,6,1,1,1,6,1,6,1,1,6,1,1,6,6,6,1,6,6,9,6,1,1,6,6,1,6,1,1,6,1,6,1,1,1,1,1,1,1,1,1
108,29758,49,2,TEXAS,100,1,TURNER,1,1,6,1,1,1,6,1,1,1,6,1,1,9,6,1,1,1,1,1,1,6,6,6,6,1,6,6,1,6,9,1,6,6,1,6,1,9,6,1,9,1,1,6,1,1,1,1,1,6
108,29143,49,3,TEXAS,200,1,JOHNSON,1,1,6,6,1,6,6,1,1,6,1,1,1,1,1,1,6,1,6,6,6,6,6,9,9,1,9,1,1,1,9,1,1,6,1,1,6,1,1,1,6,1,1,6,1,1,6,1,9,6
108,14828,49,4,TEXAS,100,1,HALL,1,1,1,6,0,6,0,1,1,1,6,0,0,0,6,1,6,1,1,6,0,0,0,0,0,1,6,0,0,6,0,1,6,6,1,6,6,1,0,0,6,0,1,0,1,1,0,0,1,0
108,94828,49,4,TEXAS,200,1,HALL,0,0,0,0,1,0,6,0,0,0,0,1,1,1,0,0,0,0,0,0,6,6,6,6,6,0,0,1,9,0,1,0,0,0,0,0,0,0,1,1,0,1,0,6,0,0,6,1,0,6
108,20352,49,5,TEXAS,200,1,HENSARLING,1,1,6,6,1,6,6,1,1,6,6,1,1,1,1,1,6,1,6,6,9,6,6,1,1,1,1,1,1,1,1,1,1,6,1,1,6,1,1,1,6,1,1,6,1,1,6,1,1,6
108,15085,49,6,TEXAS,200,1,BARTON,1,9,6,6,1,6,6,1,1,6,1,1,1,1,1,1,6,1,6,1,6,6,6,1,1,1,9,1,1,1,1,1,1,6,1,1,6,1,1,1,6,1,1,6,1,1,6,1,1,6
108,20139,49,7,TEXAS,200,1,CULBERSON,1,1,6,6,1,6,6,1,1,6,1,1,1,9,1,1,6,1,6,9,6,6,6,1,1,9,6,1,1,1,1,1,1,9,1,1,6,1,1,1,6,1,9,6,1,1,6,1,1,6
108,29760,49,8,TEXAS,200,1,BRADY,1,1,6,6,1,6,6,1,1,6,1,1,1,1,1,1,6,1,6,6,6,6,6,1,1,9,1,1,1,1,1,1,1,6,1,1,6,1,1,1,6,1,1,6,1,1,6,1,1,6
108,29761,49,9,TEXAS,100,1,LAMPSON,1,1,1,1,1,1,6,6,1,1,6,1,1,9,6,1,1,1,1,1,1,6,1,6,6,1,6,6,1,6,1,1,6,6,1,6,1,1,6,1,6,1,1,6,1,1,1,1,1,6
108,29571,49,10,TEXAS,100,1,DOGGETT,1,1,1,1,1,1,6,6,1,1,6,9,1,1,6,1,1,1,1,1,1,1,1,1,1,1,1,6,9,6,6,1,6,1,1,9,1,1,6,1,1,1,1,1,1,1,1,1,1,1
108,29144,49,11,TEXAS,100,1,EDWARDS,1,1,1,6,1,1,6,1,1,1,6,1,1,1,6,1,6,1,1,1,1,6,6,1,1,1,6,6,1,6,6,1,6,6,1,6,1,1,6,1,6,1,1,6,1,1,6,1,1,6
108,29762,49,12,TEXAS,200,1,GRANGER,1,1,6,6,1,6,6,1,1,6,6,1,1,1,1,1,6,1,6,6,6,6,6,1,1,1,9,1,1,1,1,1,1,6,1,1,6,1,1,1,6,1,1,6,1,1,6,1,1,6
108,29572,49,13,TEXAS,200,1,THORNBERRY,1,1,6,6,1,6,6,1,1,6,6,1,1,1,1,1,6,1,6,6,6,6,6,1,1,1,6,1,1,1,1,1,1,6,1,1,6,1,1,1,6,1,1,6,1,1,6,1,1,6
108,14290,49,14,TEXAS,200,1,PAUL,6,1,6,1,9,1,6,1,7,6,1,1,1,1,9,6,1,6,6,1,6,6,6,6,6,1,9,6,6,1,1,1,1,7,1,1,6,1,1,1,6,6,1,6,9,1,6,9,6,6
108,29763,49,15,TEXAS,100,1,HINOJOSA,1,1,1,1,1,1,6,6,1,1,6,9,1,1,6,1,1,1,1,1,1,1,1,6,6,1,6,6,9,6,6,1,6,6,1,6,1,1,6,1,6,1,1,1,1,1,9,1,1,1
108,29764,49,16,TEXAS,100,1,REYES,1,1,1,1,1,1,9,6,1,1,6,9,1,9,6,1,1,1,1,6,1,1,9,6,6,9,6,6,1,6,6,1,6,6,1,6,1,9,6,1,6,1,1,6,9,1,1,1,1,1
108,14664,49,17,TEXAS,100,1,STENHOLM,1,1,1,6,1,1,6,1,1,1,6,1,1,1,6,1,6,1,1,6,1,6,6,1,1,1,6,6,1,6,6,1,6,6,1,6,6,1,6,1,6,1,1,6,1,1,6,1,1,6
108,29573,49,18,TEXAS,100,1,JACKSON LEE,1,1,1,1,1,1,1,1,7,1,6,1,1,1,6,1,1,1,1,1,1,1,1,6,6,1,6,6,6,6,6,1,6,1,1,6,1,1,6,1,1,1,9,1,1,1,1,1,1,1
108,15093,49,19,TEXAS,200,11,COMBEST,1,0,0,0,0,0,0,0,9,0,0,0,0,0,9,0,0,0,0,0,0,0,0,0,0,0,0,0,0,9,0,9,0,6,0,0,0,1,0,0,0,0,0,0,0,1,0,0,0,0
108,20353,49,19,TEXAS,200,22,NEUGEBAUER,0,0,6,6,1,6,6,1,0,6,1,1,1,1,0,1,6,1,6,6,6,6,6,1,1,1,6,1,1,0,1,0,1,0,1,1,6,0,1,1,6,9,1,6,1,0,6,1,1,6
108,29943,49,20,TEXAS,100,1,GONZALEZ,1,1,6,1,1,1,1,1,1,1,6,1,1,1,6,1,1,1,1,1,1,1,1,6,6,1,6,6,1,6,6,1,6,6,1,6,1,1,6,1,6,1,1,6,1,1,1,1,1,1
108,15445,49,21,TEXAS,200,1,SMITH,1,1,6,6,1,6,6,1,1,6,1,1,1,1,1,1,6,1,6,6,6,6,6,1,1,1,6,1,1,1,1,1,1,6,1,1,6,9,1,1,6,1,1,6,1,1,6,1,1,6
108,15094,49,22,TEXAS,200,1,DELAY,1,1,6,6,1,6,6,1,1,6,1,1,1,1,1,1,6,1,6,6,6,6,6,1,1,1,9,1,1,1,1,1,1,6,1,1,6,9,1,1,6,1,1,6,1,9,6,1,1,6
108,39302,49,23,TEXAS,200,1,BONILLA,1,1,6,6,1,6,6,1,1,6,6,1,1,1,1,1,6,1,6,6,6,6,6,6,6,1,9,1,1,1,1,1,1,6,1,1,6,1,1,1,6,1,1,6,1,1,6,1,1,6
108,14626,49,24,TEXAS,100,1,FROST,1,1,1,1,1,1,6,6,1,1,6,1,1,9,6,1,1,1,1,1,1,1,6,6,6,1,6,6,1,6,6,1,6,6,1,6,1,1,6,1,1,1,1,6,1,1,1,1,1,1
108,20354,49,25,TEXAS,100,1,BELL,1,1,1,1,1,1,1,1,1,1,6,1,1,9,6,1,1,1,1,1,1,1,1,6,6,1,6,6,1,6,1,1,6,6,1,6,1,1,6,1,6,1,1,1,1,1,9,1,1,1
108,20355,49,26,TEXAS,200,1,BURGESS,6,1,6,6,1,6,6,1,1,6,6,1,1,1,1,1,6,1,6,6,6,6,6,1,1,1,9,1,1,1,1,1,1,6,1,1,6,1,1,1,6,1,1,6,1,1,6,1,1,6
108,15049,49,27,TEXAS,100,1,ORTIZ,1,1,1,1,1,1,6,6,1,1,6,9,1,1,6,1,1,1,1,1,1,6,1,6,6,1,6,6,1,6,6,1,6,6,1,6,1,1,6,1,6,1,1,6,9,1,1,1,1,6
108,29771,49,28,TEXAS,100,1,RODRIGUEZ,1,1,1,1,1,1,1,6,1,1,6,9,1,1,6,1,1,1,1,1,1,1,1,6,6,1,6,6,9,6,6,1,6,6,1,6,1,1,6,1,6,1,1,1,1,6,9,1,1,1
108,39304,49,29,TEXAS,100,1,GREEN,1,1,1,1,1,9,1,6,1,1,6,1,1,1,6,1,1,1,1,1,1,1,1,6,6,1,6,6,1,6,6,1,6,6,1,6,1,1,6,1,6,1,1,1,1,6,1,1,1,1
108,39305,49,30,TEXAS,100,1,JOHNSON,1,1,9,1,1,1,1,9,7,1,6,1,1,1,6,1,1,1,1,1,1,1,6,6,6,1,6,6,1,6,6,1,6,1,6,6,1,1,6,1,1,1,1,1,1,1,1,1,1,1
108,20356,49,31,TEXAS,200,1,CARTER,1,1,6,6,1,6,6,1,1,6,1,1,1,1,1,1,6,1,6,6,6,6,6,9,9,1,9,1,1,1,1,1,1,6,1,1,6,1,1,1,6,1,1,6,1,1,6,1,1,6
108,29759,49,32,TEXAS,200,1,SESSIONS,1,1,6,6,1,6,6,1,1,6,1,1,1,1,1,1,6,1,6,6,6,6,6,1,1,1,1,1,1,1,1,1,1,6,1,1,6,1,1,1,6,1,1,6,1,1,6,1,1,6
108,20357,67,1,UTAH,200,1,BISHOP,1,1,6,6,1,6,6,1,1,6,6,1,1,1,1,1,6,1,6,6,6,6,6,6,6,1,6,1,1,1,1,1,1,6,9,1,6,1,1,1,6,1,1,6,1,1,6,1,1,6
108,20140,67,2,UTAH,100,1,MATHESON,1,1,1,6,1,1,6,1,1,1,6,1,1,1,6,1,6,1,1,1,1,6,6,6,6,1,1,6,1,6,1,1,6,6,1,6,6,1,6,1,1,1,1,6,1,1,6,1,1,6
108,29766,67,3,UTAH,200,1,CANNON,1,1,6,6,1,6,6,1,1,6,6,1,1,1,1,9,6,1,6,6,9,9,6,6,6,1,1,1,1,1,1,1,1,6,1,1,6,9,1,1,6,1,1,9,1,1,6,1,1,9
108,29147,6,1,VERMONT,328,1,SANDERS,1,1,1,1,1,1,6,6,1,1,6,1,1,1,6,1,1,1,1,1,1,1,1,6,6,1,6,6,6,6,6,1,6,6,1,9,1,1,6,1,1,1,1,1,6,9,1,1,1,1
108,20141,40,1,VIRGINI,200,1,DAVIS,1,1,6,6,1,1,6,1,1,6,1,1,1,1,1,1,6,1,6,6,6,6,6,6,6,1,1,1,1,1,1,1,1,6,1,1,6,1,1,1,6,1,1,6,1,1,6,1,1,6
108,20142,40,2,VIRGINI,200,1,SCHROCK,1,1,6,6,1,6,6,1,1,6,1,1,1,1,1,1,6,1,6,6,6,9,6,1,1,1,1,1,1,1,1,1,1,6,1,1,6,1,1,1,6,1,1,9,1,1,6,1,1,9
108,39307,40,3,VIRGINI,100,1,SCOTT,1,1,1,1,1,1,6,6,1,1,6,1,1,1,6,1,1,1,1,1,1,1,1,6,6,1,6,6,1,6,6,1,6,6,1,6,1,1,6,1,1,1,1,6,1,1,1,1,1,1
108,20143,40,4,VIRGINI,200,1,FORBES,1,1,6,6,1,6,6,1,1,6,1,1,1,1,1,1,6,1,9,6,6,6,6,6,6,1,6,1,1,1,1,1,1,6,1,1,6,1,1,1,6,1,1,6,1,1,6,1,1,6
108,89767,40,5,VIRGINI,200,1,GOODE,1,1,6,6,1,6,6,1,1,6,1,1,1,1,1,1,6,1,6,6,6,6,1,1,1,1,6,6,1,1,1,1,1,6,1,1,6,1,1,1,6,1,1,6,1,1,6,1,1,6
108,39308,40,6,VIRGINI,200,1,GOODLATTE,1,1,6,6,1,6,6,1,1,6,1,1,1,1,1,1,6,1,6,6,6,6,6,1,1,1,6,1,1,1,1,1,1,6,1,1,6,1,1,1,6,1,1,6,1,1,6,1,1,6
108,20144,40,7,VIRGINI,200,1,CANTOR,1,1,6,6,1,6,6,1,1,6,1,1,1,1,1,1,6,1,6,6,6,6,6,1,1,9,6,1,1,1,1,1,1,6,1,1,6,1,1,1,6,1,1,6,1,1,6,1,1,6
108,29149,40,8,VIRGINI,100,1,MORAN,1,1,6,1,1,1,1,1,1,1,6,1,1,1,6,1,1,1,1,1,1,1,1,1,1,1,6,6,1,6,1,1,6,1,1,6,6,1,6,1,1,1,1,1,1,9,1,1,1,1
108,15010,40,9,VIRGINI,100,1,BOUCHER,1,1,1,6,1,1,6,6,1,1,6,1,1,1,6,1,6,1,1,1,1,6,1,6,6,1,6,6,1,6,1,1,6,6,1,6,6,1,6,1,1,9,1,6,1,1,6,1,1,6
108,14869,40,10,VIRGINI,200,1,WOLF,1,1,6,6,1,6,6,1,1,6,6,1,1,1,1,1,6,1,6,6,6,6,6,6,6,1,6,1,1,1,1,1,1,6,1,1,6,1,1,1,6,1,1,6,1,1,6,1,1,6
108,29576,40,11,VIRGINI,200,1,DAVIS,1,1,6,6,1,6,1,1,1,6,6,1,1,1,1,1,6,1,6,6,6,1,1,1,1,1,1,1,1,1,1,1,1,6,1,1,6,1,1,1,9,1,9,6,1,1,6,1,1,1
108,29937,73,1,WASHING,100,1,INSLEE,1,1,1,1,1,1,6,6,1,1,6,1,1,1,6,1,1,1,1,1,1,1,1,1,1,1,6,6,1,6,6,1,6,6,1,6,1,1,6,1,1,1,1,1,1,1,1,1,1,1
108,20145,73,2,WASHING,100,1,LARSEN,1,1,1,1,1,1,6,6,1,1,6,1,1,1,6,1,1,1,1,6,1,1,1,1,1,1,6,6,1,6,6,1,6,1,1,6,1,1,6,1,1,1,1,1,1,6,6,1,1,1
108,29938,73,3,WASHING,100,1,BAIRD,1,1,1,6,1,1,9,6,1,1,6,1,1,1,6,1,6,1,1,1,9,1,1,6,6,1,6,6,1,6,6,1,6,6,9,6,1,1,6,1,1,1,1,1,0,1,6,1,1,1
108,29580,73,4,WASHING,200,1,HASTINGS,1,1,6,6,1,6,6,1,1,6,6,1,1,1,1,1,6,1,6,6,6,6,6,1,1,1,6,1,1,1,1,1,1,6,1,1,6,1,1,1,6,1,1,6,1,1,6,1,1,6
108,29581,73,5,WASHING,200,1,NETHERCUTT,1,1,6,6,1,6,6,1,1,6,6,1,1,1,1,1,6,1,6,6,6,9,9,6,6,1,6,1,1,1,1,1,1,6,1,1,6,1,1,1,9,1,9,9,1,1,6,9,1,9
108,14413,73,6,WASHING,100,1,DICKS,1,9,1,6,1,1,6,6,1,1,6,1,1,1,6,1,6,1,1,1,1,9,1,1,1,1,6,6,1,6,6,1,6,6,6,6,1,1,6,1,1,1,1,9,1,1,1,1,1,9
108,15613,73,7,WASHING,100,1,MCDERMOTT,1,7,1,1,1,1,1,6,1,1,6,1,1,1,6,1,1,1,1,1,1,1,1,1,1,1,6,6,1,6,6,1,6,1,1,6,1,1,6,9,1,1,1,1,6,6,1,1,1,1
108,39312,73,8,WASHING,200,1,DUNN,1,1,6,6,1,6,6,1,1,6,6,1,1,1,1,1,6,1,6,6,6,9,6,1,1,1,6,1,1,1,1,1,1,6,1,1,6,1,1,1,1,1,1,9,1,1,6,1,1,9
108,29768,73,9,WASHING,100,1,SMITH,1,9,9,1,1,1,9,9,1,1,9,1,1,1,6,1,1,9,1,1,1,1,9,1,1,1,1,6,1,6,6,1,6,6,1,6,9,1,6,1,1,1,1,9,1,1,1,1,9,1
108,15083,56,1,WEST VI,100,1,MOLLOHAN,1,1,1,6,1,6,6,6,1,1,6,1,1,9,6,1,6,1,1,1,1,9,1,6,6,1,6,6,1,6,6,1,6,6,1,6,1,1,6,1,9,1,9,9,1,1,1,1,1,9
108,20146,56,2,WEST VI,200,1,CAPITO,1,1,6,6,1,1,6,1,1,6,6,1,1,1,1,1,6,1,6,6,6,6,6,1,1,9,6,1,1,1,1,1,1,6,1,1,6,1,1,1,1,1,1,6,1,1,6,1,1,6
108,14448,56,3,WEST VI,100,1,RAHALL,1,1,1,1,1,6,6,6,1,1,6,1,1,1,6,1,1,1,1,1,1,6,1,6,6,1,6,6,1,6,1,1,6,6,1,6,1,1,6,1,1,1,1,6,1,1,1,1,1,6
108,29939,25,1,WISCONS,200,1,RYAN,1,9,6,6,1,1,6,1,1,6,6,1,1,1,1,1,6,1,6,6,6,6,6,1,1,1,1,1,1,1,1,1,1,6,1,1,6,1,1,1,6,1,1,6,1,1,6,1,1,6
108,29940,25,2,WISCONS,100,1,BALDWIN,1,1,1,1,1,1,6,6,1,1,6,1,1,1,6,1,1,1,1,1,1,1,1,1,1,1,6,6,1,6,6,1,6,6,1,6,1,1,6,1,1,1,1,1,6,1,1,1,1,1
108,29769,25,3,WISCONS,100,1,KIND,1,1,1,6,1,1,6,6,1,1,6,1,1,1,6,1,6,1,1,1,1,6,1,6,6,1,6,6,1,6,6,1,6,6,1,6,1,1,6,1,1,1,1,6,1,1,1,1,1,6
108,15082,25,4,WISCONS,100,1,KLECZKA,1,1,1,1,1,1,6,6,1,9,6,1,1,1,6,1,1,1,1,1,1,1,1,6,6,1,6,6,1,6,6,1,6,6,1,6,1,1,6,1,1,1,1,6,1,1,1,9,1,1
108,14657,25,5,WISCONS,200,1,SENSENBRENN,1,1,6,6,1,1,6,1,1,6,1,1,1,1,1,1,6,1,6,6,6,6,1,1,1,1,1,1,1,1,1,1,1,6,1,1,6,1,1,1,6,1,1,6,1,1,6,1,1,6
108,14675,25,6,WISCONS,200,1,PETRI,1,1,6,6,1,6,6,1,1,6,1,1,1,1,1,1,6,1,6,1,6,6,6,1,1,1,1,1,1,1,1,1,1,6,1,1,6,1,1,1,1,1,1,6,1,1,6,1,1,6
108,12036,25,7,WISCONS,100,1,OBEY,1,1,1,1,1,1,6,6,1,1,6,1,1,1,6,1,1,1,1,1,1,1,1,1,1,1,6,6,6,6,6,1,6,1,1,6,1,1,6,1,1,1,1,6,6,9,1,1,1,1
108,29941,25,8,WISCONS,200,1,GREEN,1,1,6,6,1,1,6,1,1,6,6,1,1,1,1,1,6,1,6,6,6,6,1,1,1,1,1,1,1,1,1,1,1,6,1,1,6,1,1,1,1,1,1,6,1,1,6,1,1,6
108,29584,68,1,WYOMING,200,1,CUBIN,1,1,6,6,1,6,6,1,1,6,9,1,1,1,1,1,6,9,9,6,6,6,6,1,1,1,6,1,1,1,1,1,1,9,1,9,9,9,1,1,6,1,1,6,1,1,6,1,9,6
